Division,MatchDate,HomeTeam,AwayTeam,FTHome,FTAway,FTResult,HomeElo,AwayElo,OddHome,OddDraw,OddAway
SP1,2022-08-12,Osasuna,Sevilla,2.0,1.0,H,1669.47,1826.56,3.28,3.08,2.43
SP1,2022-08-13,Celta,Espanol,2.0,2.0,D,1708.34,1647.61,1.83,3.68,4.5
SP1,2022-08-13,Valladolid,Villarreal,0.0,3.0,A,1646.44,1840.42,3.93,3.66,1.94
SP1,2022-08-13,Barcelona,Vallecano,0.0,0.0,D,1875.88,1616.94,1.21,6.79,14.2
SP1,2022-08-14,Cadiz,Sociedad,0.0,1.0,A,1650.63,1756.36,3.55,3.24,2.2
SP1,2022-08-14,Valencia,Girona,1.0,0.0,H,1698.47,1609.86,1.89,3.5,4.35
SP1,2022-08-14,Almeria,Real Madrid,1.0,2.0,A,1630.25,1983.04,7.17,4.91,1.42
SP1,2022-08-15,Ath Bilbao,Mallorca,0.0,0.0,D,1739.26,1615.09,1.6,3.83,6.23
SP1,2022-08-15,Getafe,Ath Madrid,0.0,3.0,A,1672.6,1868.53,4.79,3.19,1.92
SP1,2022-08-15,Betis,Elche,3.0,0.0,H,1778.93,1631.02,1.45,4.57,7.27
SP1,2022-08-19,Espanol,Vallecano,0.0,2.0,A,1650.83,1624.13,2.51,3.05,3.18
SP1,2022-08-19,Sevilla,Valladolid,1.0,1.0,D,1815.68,1638.47,1.53,4.17,6.71
SP1,2022-08-20,Osasuna,Cadiz,2.0,0.0,H,1680.35,1643.76,1.95,3.26,4.44
SP1,2022-08-20,Mallorca,Betis,1.0,2.0,A,1615.09,1778.93,3.1,3.26,2.42
SP1,2022-08-20,Celta,Real Madrid,1.0,4.0,A,1705.13,1985.08,4.71,4.19,1.68
SP1,2022-08-21,Ath Bilbao,Valencia,1.0,0.0,H,1739.26,1703.1,1.77,3.61,4.95
SP1,2022-08-21,Ath Madrid,Villarreal,0.0,2.0,A,1868.53,1848.39,1.93,3.52,4.14
SP1,2022-08-21,Sociedad,Barcelona,1.0,4.0,A,1763.23,1868.7,3.38,3.62,2.12
SP1,2022-08-22,Elche,Almeria,1.0,1.0,D,1631.02,1628.21,2.5,3.2,3.01
SP1,2022-08-22,Girona,Getafe,3.0,1.0,H,1605.23,1672.6,2.81,2.84,2.97
SP1,2022-08-26,Girona,Celta,0.0,1.0,A,1605.23,1705.13,2.77,3.15,2.75
SP1,2022-08-26,Betis,Osasuna,1.0,0.0,H,1778.93,1680.35,1.8,3.68,4.66
SP1,2022-08-27,Elche,Sociedad,0.0,1.0,A,1631.02,1763.23,3.64,3.16,2.21
SP1,2022-08-27,Vallecano,Mallorca,0.0,2.0,A,1624.13,1615.09,2.07,3.23,4.02
SP1,2022-08-27,Almeria,Sevilla,2.0,1.0,H,1628.21,1815.68,3.56,3.23,2.21
SP1,2022-08-28,Getafe,Villarreal,0.0,0.0,D,1672.6,1848.39,4.49,3.36,1.91
SP1,2022-08-28,Barcelona,Valladolid,4.0,0.0,H,1868.7,1638.47,1.15,8.47,17.97
SP1,2022-08-28,Espanol,Real Madrid,1.0,3.0,A,1650.83,1985.08,6.63,4.83,1.46
SP1,2022-08-29,Cadiz,Ath Bilbao,0.0,4.0,A,1643.76,1739.26,3.78,3.11,2.18
SP1,2022-08-29,Valencia,Ath Madrid,0.0,1.0,A,1703.1,1868.53,4.02,3.33,2.03
SP1,2022-09-02,Celta,Cadiz,3.0,0.0,H,1708.02,1622.56,1.67,3.65,5.93
SP1,2022-09-03,Mallorca,Girona,1.0,1.0,D,1629.56,1610.96,2.17,3.16,3.79
SP1,2022-09-03,Real Madrid,Betis,2.0,1.0,H,1993.74,1795.38,1.43,5.13,6.82
SP1,2022-09-03,Sociedad,Ath Madrid,1.0,1.0,D,1758.5,1868.45,2.96,3.17,2.58
SP1,2022-09-03,Sevilla,Barcelona,0.0,3.0,A,1799.17,1885.56,4.48,3.74,1.82
SP1,2022-09-04,Osasuna,Vallecano,2.0,1.0,H,1685.09,1625.02,2.06,3.13,4.23
SP1,2022-09-04,Ath Bilbao,Espanol,0.0,1.0,A,1754.96,1634.6,1.57,3.98,6.46
SP1,2022-09-04,Villarreal,Elche,4.0,0.0,H,1861.33,1618.39,1.35,5.08,9.56
SP1,2022-09-04,Valencia,Getafe,5.0,1.0,H,1692.72,1657.46,1.96,3.2,4.52
SP1,2022-09-05,Valladolid,Almeria,1.0,0.0,H,1640.46,1641.81,2.34,3.3,3.19
SP1,2022-09-09,Girona,Valladolid,2.0,1.0,H,1610.96,1640.46,2.27,3.2,3.46
SP1,2022-09-10,Vallecano,Valencia,2.0,1.0,H,1625.02,1692.72,2.6,3.17,2.9
SP1,2022-09-10,Espanol,Sevilla,2.0,3.0,A,1634.6,1799.17,2.93,3.24,2.54
SP1,2022-09-10,Cadiz,Barcelona,0.0,4.0,A,1622.56,1885.56,13.05,6.27,1.24
SP1,2022-09-10,Ath Madrid,Celta,4.0,1.0,H,1868.45,1708.02,1.65,3.81,5.76
SP1,2022-09-11,Real Madrid,Mallorca,4.0,1.0,H,1993.74,1629.56,1.27,6.11,10.84
SP1,2022-09-11,Elche,Ath Bilbao,1.0,4.0,A,1618.39,1754.96,4.15,3.47,1.95
SP1,2022-09-11,Getafe,Sociedad,2.0,1.0,H,1657.46,1758.5,3.77,3.07,2.2
SP1,2022-09-11,Betis,Villarreal,1.0,0.0,H,1795.38,1861.33,2.88,3.48,2.45
SP1,2022-09-12,Almeria,Osasuna,0.0,1.0,A,1641.81,1685.09,2.68,3.19,2.79
SP1,2022-09-16,Valladolid,Cadiz,0.0,1.0,A,1637.82,1606.62,2.04,3.22,4.13
SP1,2022-09-17,Mallorca,Almeria,1.0,0.0,H,1624.19,1625.28,2.05,3.32,3.94
SP1,2022-09-17,Barcelona,Elche,3.0,0.0,H,1897.93,1601.6,1.1,10.86,25.46
SP1,2022-09-17,Valencia,Celta,3.0,0.0,H,1694.14,1708.85,2.37,3.27,3.16
SP1,2022-09-17,Ath Bilbao,Vallecano,3.0,2.0,H,1751.58,1626.89,1.55,4.1,6.55
SP1,2022-09-18,Osasuna,Getafe,0.0,2.0,A,1696.92,1653.99,1.83,3.33,5.07
SP1,2022-09-18,Villarreal,Sevilla,1.0,1.0,D,1856.31,1778.67,1.72,3.84,4.99
SP1,2022-09-18,Betis,Girona,2.0,1.0,H,1800.9,1618.9,1.75,3.69,4.98
SP1,2022-09-18,Sociedad,Espanol,2.0,1.0,H,1759.32,1639.24,1.73,3.77,4.93
SP1,2022-09-18,Ath Madrid,Real Madrid,1.0,2.0,A,1861.79,2003.65,3.1,3.48,2.31
SP1,2022-09-30,Ath Bilbao,Almeria,4.0,0.0,H,1751.58,1625.28,1.37,4.96,8.83
SP1,2022-10-01,Cadiz,Villarreal,0.0,0.0,D,1618.47,1856.27,5.68,3.97,1.62
SP1,2022-10-01,Getafe,Valladolid,2.0,3.0,A,1670.85,1629.23,2.31,3.1,3.45
SP1,2022-10-01,Sevilla,Ath Madrid,0.0,2.0,A,1783.95,1857.67,3.05,3.19,2.49
SP1,2022-10-01,Mallorca,Barcelona,0.0,1.0,A,1632.61,1902.34,8.63,5.3,1.35
SP1,2022-10-02,Espanol,Valencia,2.0,2.0,D,1636.86,1708.06,2.72,3.26,2.7
SP1,2022-10-02,Celta,Betis,1.0,0.0,H,1698.19,1807.34,2.48,3.37,2.9
SP1,2022-10-02,Girona,Sociedad,3.0,5.0,A,1617.59,1766.32,3.26,3.24,2.32
SP1,2022-10-02,Real Madrid,Osasuna,1.0,1.0,D,2011.03,1683.31,1.33,5.48,9.22
SP1,2022-10-03,Vallecano,Elche,2.0,1.0,H,1624.47,1600.45,1.73,3.68,5.13
SP1,2022-10-07,Osasuna,Valencia,1.0,2.0,A,1683.31,1708.06,2.42,3.25,3.11
SP1,2022-10-08,Almeria,Vallecano,3.0,1.0,H,1612.71,1624.47,3.01,3.24,2.5
SP1,2022-10-08,Ath Madrid,Girona,2.0,1.0,H,1857.67,1617.59,1.49,4.4,7.0
SP1,2022-10-08,Sevilla,Ath Bilbao,1.0,1.0,D,1783.95,1764.65,3.04,3.3,2.44
SP1,2022-10-08,Getafe,Real Madrid,0.0,1.0,A,1670.85,2011.03,6.64,4.46,1.5
SP1,2022-10-09,Valladolid,Betis,0.0,0.0,D,1629.23,1807.34,2.88,3.42,2.48
SP1,2022-10-09,Cadiz,Espanol,2.0,2.0,D,1618.47,1636.86,2.93,3.1,2.64
SP1,2022-10-09,Sociedad,Villarreal,1.0,0.0,H,1766.32,1856.27,2.57,3.31,2.86
SP1,2022-10-09,Barcelona,Celta,1.0,0.0,H,1902.34,1698.19,1.29,5.91,10.72
SP1,2022-10-10,Elche,Mallorca,1.0,1.0,D,1600.45,1632.61,3.08,3.04,2.56
SP1,2022-10-14,Vallecano,Getafe,0.0,0.0,D,1624.47,1670.85,2.07,3.18,4.12
SP1,2022-10-15,Girona,Cadiz,1.0,1.0,D,1596.33,1611.12,1.91,3.32,4.58
SP1,2022-10-15,Valencia,Elche,2.0,2.0,D,1705.76,1582.87,1.41,4.85,7.89
SP1,2022-10-15,Mallorca,Sevilla,0.0,1.0,A,1618.98,1748.01,2.93,3.11,2.63
SP1,2022-10-15,Ath Bilbao,Ath Madrid,0.0,1.0,A,1755.03,1838.03,2.47,3.28,3.02
SP1,2022-10-16,Celta,Sociedad,1.0,2.0,A,1693.87,1779.84,2.58,3.25,2.88
SP1,2022-10-16,Real Madrid,Barcelona,3.0,1.0,H,1988.95,1884.97,2.28,3.64,3.05
SP1,2022-10-16,Espanol,Valladolid,1.0,0.0,H,1627.54,1632.09,2.2,3.36,3.42
SP1,2022-10-16,Betis,Almeria,3.0,1.0,H,1789.21,1611.83,1.58,4.22,5.77
SP1,2022-10-17,Villarreal,Osasuna,2.0,0.0,H,1835.99,1671.25,1.58,4.16,5.92
SP1,2022-10-18,Sevilla,Valencia,1.0,1.0,D,1748.01,1705.76,2.3,3.39,3.22
SP1,2022-10-18,Getafe,Ath Bilbao,2.0,2.0,D,1647.37,1755.03,4.52,3.38,1.91
SP1,2022-10-18,Ath Madrid,Vallecano,1.0,1.0,D,1838.03,1609.04,1.53,4.02,7.19
SP1,2022-10-19,Cadiz,Betis,0.0,0.0,D,1611.12,1789.21,3.73,3.28,2.13
SP1,2022-10-19,Valladolid,Celta,4.0,1.0,H,1632.09,1693.87,2.89,3.28,2.55
SP1,2022-10-19,Sociedad,Mallorca,1.0,0.0,H,1779.84,1618.98,1.55,4.08,6.49
SP1,2022-10-19,Elche,Real Madrid,0.0,3.0,A,1582.87,1988.95,9.5,5.7,1.31
SP1,2022-10-20,Almeria,Girona,3.0,2.0,H,1611.83,1596.33,2.61,3.29,2.81
SP1,2022-10-20,Osasuna,Espanol,1.0,0.0,H,1671.25,1627.54,2.11,3.41,3.61
SP1,2022-10-20,Barcelona,Villarreal,3.0,0.0,H,1884.97,1835.99,1.5,4.76,6.13
SP1,2022-10-22,Vallecano,Cadiz,5.0,1.0,H,1609.04,1611.12,1.75,3.58,5.17
SP1,2022-10-22,Valladolid,Sociedad,1.0,0.0,H,1632.09,1779.84,3.62,3.42,2.11
SP1,2022-10-22,Valencia,Mallorca,1.0,2.0,A,1705.76,1618.98,1.76,3.58,5.05
SP1,2022-10-22,Real Madrid,Sevilla,3.0,1.0,H,1988.95,1748.01,1.37,5.03,8.62
SP1,2022-10-23,Espanol,Elche,2.0,2.0,D,1627.54,1582.87,1.7,3.87,5.04
SP1,2022-10-23,Betis,Ath Madrid,1.0,2.0,A,1789.21,1838.03,3.16,3.32,2.35
SP1,2022-10-23,Girona,Osasuna,1.0,1.0,D,1596.33,1671.25,2.59,3.19,2.9
SP1,2022-10-23,Villarreal,Almeria,2.0,1.0,H,1835.99,1611.83,1.38,5.04,8.53
SP1,2022-10-23,Barcelona,Ath Bilbao,4.0,0.0,H,1884.97,1755.03,1.56,4.47,5.68
SP1,2022-10-24,Celta,Getafe,1.0,1.0,D,1693.87,1647.37,1.79,3.5,4.99
SP1,2022-10-28,Mallorca,Espanol,1.0,1.0,D,1618.98,1627.54,2.3,3.08,3.49
SP1,2022-10-29,Almeria,Celta,3.0,1.0,H,1611.83,1693.87,3.26,3.37,2.26
SP1,2022-10-29,Cadiz,Ath Madrid,3.0,2.0,H,1611.12,1838.03,6.47,3.76,1.6
SP1,2022-10-29,Sevilla,Vallecano,0.0,1.0,A,1748.01,1609.04,1.99,3.41,3.99
SP1,2022-10-29,Valencia,Barcelona,0.0,1.0,A,1705.76,1884.97,5.29,4.38,1.59
SP1,2022-10-30,Osasuna,Valladolid,2.0,0.0,H,1671.25,1632.09,1.93,3.47,4.18
SP1,2022-10-30,Real Madrid,Girona,1.0,1.0,D,1988.95,1596.33,1.21,6.96,13.19
SP1,2022-10-30,Ath Bilbao,Villarreal,1.0,0.0,H,1755.03,1835.99,2.2,3.41,3.32
SP1,2022-10-30,Sociedad,Betis,0.0,2.0,A,1779.84,1789.21,2.05,3.47,3.72
SP1,2022-10-31,Elche,Getafe,0.0,1.0,A,1582.87,1647.37,2.71,3.02,2.86
SP1,2022-11-04,Girona,Ath Bilbao,2.0,1.0,H,1590.56,1740.37,3.84,3.55,1.99
SP1,2022-11-05,Getafe,Cadiz,0.0,0.0,D,1651.53,1607.39,2.2,3.09,3.77
SP1,2022-11-05,Valladolid,Elche,2.0,1.0,H,1633.84,1571.8,1.82,3.72,4.42
SP1,2022-11-05,Celta,Osasuna,1.0,2.0,A,1650.94,1672.48,2.14,3.34,3.61
SP1,2022-11-05,Barcelona,Almeria,2.0,0.0,H,1879.72,1615.08,1.1,10.92,25.93
SP1,2022-11-06,Ath Madrid,Espanol,1.0,1.0,D,1821.76,1619.52,1.45,4.36,7.91
SP1,2022-11-06,Sociedad,Valencia,1.0,1.0,D,1761.68,1679.71,1.95,3.44,4.18
SP1,2022-11-06,Villarreal,Mallorca,0.0,2.0,A,1808.73,1612.34,1.61,3.93,5.89
SP1,2022-11-06,Betis,Sevilla,1.0,1.0,D,1791.1,1733.2,2.18,3.31,3.54
SP1,2022-11-07,Vallecano,Real Madrid,3.0,2.0,H,1634.29,1972.03,5.2,4.11,1.64
SP1,2022-11-08,Elche,Girona,1.0,2.0,A,1571.8,1590.56,3.36,3.3,2.26
SP1,2022-11-08,Ath Bilbao,Valladolid,3.0,0.0,H,1740.37,1633.84,1.42,4.69,7.85
SP1,2022-11-08,Osasuna,Barcelona,1.0,2.0,A,1672.48,1879.72,6.13,4.38,1.54
SP1,2022-11-09,Almeria,Getafe,1.0,0.0,H,1615.08,1651.53,2.22,3.22,3.54
SP1,2022-11-09,Sevilla,Sociedad,1.0,2.0,A,1733.2,1761.68,2.6,3.19,2.91
SP1,2022-11-09,Espanol,Villarreal,0.0,1.0,A,1619.52,1808.73,3.09,3.3,2.4
SP1,2022-11-09,Mallorca,Ath Madrid,1.0,0.0,H,1612.34,1821.76,3.78,3.2,2.14
SP1,2022-11-10,Vallecano,Celta,0.0,0.0,D,1634.29,1650.94,2.17,3.3,3.57
SP1,2022-11-10,Valencia,Betis,3.0,0.0,H,1679.71,1791.1,2.17,3.37,3.5
SP1,2022-11-10,Real Madrid,Cadiz,2.0,1.0,H,1972.03,1607.39,1.15,8.36,19.48
SP1,2022-12-29,Girona,Vallecano,2.0,2.0,D,1599.96,1636.87,2.36,3.29,3.18
SP1,2022-12-29,Betis,Ath Bilbao,0.0,0.0,D,1762.73,1727.83,2.86,3.38,2.53
SP1,2022-12-29,Ath Madrid,Elche,2.0,0.0,H,1788.01,1548.13,1.29,5.67,11.24
SP1,2022-12-30,Getafe,Mallorca,2.0,0.0,H,1631.21,1632.96,2.81,2.75,3.09
SP1,2022-12-30,Cadiz,Almeria,1.0,1.0,D,1599.39,1610.36,2.37,3.18,3.27
SP1,2022-12-30,Celta,Sevilla,1.0,1.0,D,1633.81,1715.3,2.21,3.36,3.42
SP1,2022-12-30,Valladolid,Real Madrid,0.0,2.0,A,1621.37,1951.12,6.39,4.68,1.48
SP1,2022-12-31,Barcelona,Espanol,1.0,1.0,D,1881.63,1610.02,1.25,6.43,11.21
SP1,2022-12-31,Sociedad,Osasuna,2.0,0.0,H,1750.07,1667.33,1.9,3.42,4.46
SP1,2022-12-31,Villarreal,Valencia,2.0,1.0,H,1761.05,1689.67,1.97,3.45,4.09
SP1,2023-01-06,Elche,Celta,0.0,1.0,A,1545.17,1634.33,4.07,3.28,2.03
SP1,2023-01-06,Valencia,Cadiz,0.0,1.0,A,1684.92,1597.9,1.59,4.08,5.94
SP1,2023-01-07,Villarreal,Real Madrid,2.0,1.0,H,1765.81,1954.59,3.34,3.83,2.09
SP1,2023-01-07,Mallorca,Valladolid,1.0,0.0,H,1623.51,1617.91,1.96,3.34,4.26
SP1,2023-01-07,Espanol,Girona,2.0,2.0,D,1617.48,1599.2,2.3,3.41,3.17
SP1,2023-01-08,Almeria,Sociedad,0.0,2.0,A,1611.86,1756.59,4.06,3.4,1.99
SP1,2023-01-08,Vallecano,Betis,1.0,2.0,A,1637.63,1759.98,2.34,3.28,3.22
SP1,2023-01-08,Sevilla,Getafe,2.0,1.0,H,1714.77,1640.66,1.77,3.46,5.27
SP1,2023-01-08,Ath Madrid,Barcelona,0.0,1.0,A,1790.97,1874.16,3.1,3.46,2.33
SP1,2023-01-09,Ath Bilbao,Osasuna,0.0,0.0,D,1730.59,1660.81,1.68,3.69,5.6
SP1,2023-01-13,Celta,Villarreal,1.0,1.0,D,1634.33,1765.81,2.81,3.31,2.6
SP1,2023-01-14,Valladolid,Vallecano,0.0,1.0,A,1617.91,1637.63,2.78,3.25,2.66
SP1,2023-01-14,Girona,Sevilla,2.0,1.0,H,1599.2,1714.77,2.42,3.34,3.03
SP1,2023-01-14,Osasuna,Mallorca,1.0,0.0,H,1660.81,1623.51,2.06,3.12,4.21
SP1,2023-01-14,Sociedad,Ath Bilbao,3.0,1.0,H,1756.59,1730.59,2.45,3.19,3.12
SP1,2023-01-15,Getafe,Espanol,1.0,2.0,A,1635.83,1615.17,2.54,3.02,3.14
SP1,2023-01-15,Almeria,Ath Madrid,1.0,1.0,D,1603.31,1783.3,4.84,3.84,1.73
SP1,2023-01-16,Cadiz,Elche,1.0,1.0,D,1609.86,1537.73,1.94,3.38,4.29
SP1,2023-01-20,Mallorca,Celta,1.0,0.0,H,1624.15,1643.8,2.85,2.76,3.06
SP1,2023-01-21,Vallecano,Sociedad,0.0,2.0,A,1640.26,1773.04,3.14,3.16,2.45
SP1,2023-01-21,Espanol,Betis,1.0,0.0,H,1615.17,1766.61,2.79,3.16,2.72
SP1,2023-01-21,Ath Madrid,Valladolid,3.0,0.0,H,1783.3,1602.3,1.38,4.8,8.75
SP1,2023-01-21,Sevilla,Cadiz,1.0,0.0,H,1710.07,1609.86,1.7,3.73,5.3
SP1,2023-01-22,Villarreal,Girona,1.0,0.0,H,1774.97,1611.04,1.75,3.95,4.54
SP1,2023-01-22,Elche,Osasuna,1.0,1.0,D,1537.73,1670.19,3.62,3.29,2.16
SP1,2023-01-22,Barcelona,Getafe,1.0,0.0,H,1881.83,1635.83,1.18,7.33,17.65
SP1,2023-01-22,Ath Bilbao,Real Madrid,0.0,2.0,A,1719.0,1943.4,2.91,3.47,2.43
SP1,2023-01-23,Valencia,Almeria,2.0,2.0,D,1672.96,1603.31,1.61,4.13,5.46
SP1,2023-01-27,Almeria,Espanol,3.0,1.0,H,1603.31,1615.17,2.4,3.18,3.23
SP1,2023-01-28,Cadiz,Mallorca,2.0,0.0,H,1609.86,1624.15,2.89,2.8,2.94
SP1,2023-01-28,Girona,Barcelona,0.0,1.0,A,1611.04,1881.83,5.27,4.31,1.61
SP1,2023-01-28,Sevilla,Elche,3.0,0.0,H,1710.07,1537.73,1.52,4.13,6.93
SP1,2023-01-28,Getafe,Betis,0.0,1.0,A,1635.83,1766.61,3.15,2.89,2.63
SP1,2023-01-29,Valladolid,Valencia,1.0,0.0,H,1602.3,1672.96,3.16,3.26,2.38
SP1,2023-01-29,Osasuna,Ath Madrid,0.0,1.0,A,1670.19,1783.3,3.58,3.23,2.2
SP1,2023-01-29,Celta,Ath Bilbao,1.0,0.0,H,1643.8,1719.0,2.9,3.05,2.7
SP1,2023-01-29,Real Madrid,Sociedad,0.0,0.0,D,1943.4,1773.04,1.71,3.93,4.96
SP1,2023-01-30,Villarreal,Vallecano,0.0,1.0,A,1774.97,1640.26,1.7,3.84,5.13
SP1,2023-02-01,Betis,Barcelona,1.0,2.0,A,1763.14,1887.04,5.09,4.05,1.67
SP1,2023-02-02,Real Madrid,Valencia,2.0,0.0,H,1943.62,1661.12,1.43,4.92,7.06
SP1,2023-02-03,Ath Bilbao,Cadiz,4.0,1.0,H,1704.54,1612.15,1.37,4.69,9.68
SP1,2023-02-04,Espanol,Osasuna,1.0,1.0,D,1625.73,1661.52,2.58,3.05,3.03
SP1,2023-02-04,Elche,Villarreal,3.0,1.0,H,1538.1,1764.66,5.22,3.87,1.69
SP1,2023-02-04,Ath Madrid,Getafe,1.0,1.0,D,1792.01,1617.01,1.42,4.24,9.63
SP1,2023-02-04,Betis,Celta,3.0,4.0,A,1763.14,1645.24,2.22,3.16,3.65
SP1,2023-02-05,Mallorca,Real Madrid,1.0,0.0,H,1620.85,1943.62,5.05,3.63,1.75
SP1,2023-02-05,Girona,Valencia,1.0,0.0,H,1604.73,1661.12,2.22,3.34,3.4
SP1,2023-02-05,Sociedad,Valladolid,0.0,1.0,A,1788.0,1605.55,1.43,4.4,8.29
SP1,2023-02-05,Barcelona,Sevilla,3.0,0.0,H,1887.04,1719.33,1.33,5.39,9.7
SP1,2023-02-06,Vallecano,Almeria,2.0,0.0,H,1644.48,1620.04,1.75,3.73,4.88
SP1,2023-02-10,Cadiz,Girona,2.0,0.0,H,1612.15,1604.73,3.06,3.18,2.5
SP1,2023-02-11,Almeria,Betis,2.0,3.0,A,1620.04,1763.14,2.91,3.35,2.48
SP1,2023-02-11,Sevilla,Mallorca,2.0,0.0,H,1719.33,1620.85,1.97,3.15,4.57
SP1,2023-02-11,Valencia,Ath Bilbao,1.0,2.0,A,1661.12,1704.54,3.01,3.25,2.48
SP1,2023-02-12,Getafe,Vallecano,1.0,1.0,D,1617.01,1644.48,2.87,2.83,2.92
SP1,2023-02-12,Celta,Ath Madrid,0.0,1.0,A,1645.24,1792.01,3.58,3.21,2.2
SP1,2023-02-12,Valladolid,Osasuna,0.0,0.0,D,1605.55,1661.52,2.8,3.06,2.76
SP1,2023-02-12,Villarreal,Barcelona,0.0,1.0,A,1764.66,1887.04,4.2,3.85,1.83
SP1,2023-02-13,Espanol,Sociedad,2.0,3.0,A,1625.73,1788.0,3.45,3.1,2.31
SP1,2023-02-15,Real Madrid,Elche,4.0,0.0,H,1931.71,1555.41,1.2,7.12,14.67
SP1,2023-02-17,Girona,Almeria,6.0,2.0,H,1603.09,1605.5,1.84,3.65,4.41
SP1,2023-02-18,Sociedad,Celta,1.0,1.0,D,1779.92,1651.28,1.8,3.44,5.03
SP1,2023-02-18,Betis,Valladolid,2.0,1.0,H,1750.37,1618.82,1.63,3.9,5.77
SP1,2023-02-18,Mallorca,Villarreal,4.0,2.0,H,1628.46,1741.49,3.34,2.94,2.47
SP1,2023-02-18,Osasuna,Real Madrid,0.0,2.0,A,1663.1,1931.71,4.54,3.64,1.82
SP1,2023-02-19,Elche,Espanol,0.0,1.0,A,1555.41,1618.94,2.89,3.14,2.63
SP1,2023-02-19,Vallecano,Sevilla,1.0,1.0,D,1653.69,1720.88,2.5,3.15,3.07
SP1,2023-02-19,Ath Madrid,Ath Bilbao,1.0,0.0,H,1792.56,1720.56,2.05,3.27,4.0
SP1,2023-02-19,Barcelona,Cadiz,2.0,0.0,H,1904.48,1613.87,1.19,7.09,14.96
SP1,2023-02-20,Getafe,Valencia,1.0,0.0,H,1621.92,1642.78,2.83,2.91,2.87
SP1,2023-02-24,Elche,Betis,2.0,3.0,A,1555.41,1750.37,3.7,3.41,2.09
SP1,2023-02-25,Espanol,Mallorca,2.0,1.0,H,1618.94,1628.46,2.58,2.93,3.19
SP1,2023-02-25,Cadiz,Vallecano,1.0,0.0,H,1613.87,1653.69,2.99,2.96,2.7
SP1,2023-02-25,Real Madrid,Ath Madrid,1.0,1.0,D,1931.71,1792.56,1.82,3.65,4.6
SP1,2023-02-25,Valencia,Sociedad,1.0,0.0,H,1642.78,1779.92,3.09,3.2,2.46
SP1,2023-02-26,Ath Bilbao,Girona,2.0,3.0,A,1720.56,1603.09,1.69,3.78,5.29
SP1,2023-02-26,Celta,Valladolid,3.0,0.0,H,1651.28,1618.82,1.68,3.77,5.49
SP1,2023-02-26,Almeria,Barcelona,1.0,0.0,H,1605.5,1904.48,6.87,4.9,1.44
SP1,2023-02-26,Sevilla,Osasuna,2.0,3.0,A,1720.88,1663.1,1.88,3.46,4.51
SP1,2023-02-27,Villarreal,Getafe,2.0,1.0,H,1741.49,1621.92,1.68,3.68,5.67
SP1,2023-03-03,Sociedad,Cadiz,0.0,0.0,D,1768.86,1623.01,1.53,3.93,7.47
SP1,2023-03-04,Getafe,Girona,3.0,2.0,H,1628.66,1632.32,2.79,2.96,2.89
SP1,2023-03-04,Almeria,Villarreal,0.0,2.0,A,1610.28,1736.2,3.43,3.66,2.09
SP1,2023-03-04,Mallorca,Elche,0.0,1.0,A,1639.05,1544.6,1.71,3.39,6.09
SP1,2023-03-04,Ath Madrid,Sevilla,6.0,1.0,H,1806.97,1721.93,1.7,3.65,5.46
SP1,2023-03-05,Valladolid,Espanol,2.0,1.0,H,1610.0,1637.77,2.55,3.21,2.93
SP1,2023-03-05,Barcelona,Valencia,1.0,0.0,H,1885.42,1649.65,1.53,4.33,6.25
SP1,2023-03-05,Vallecano,Ath Bilbao,0.0,0.0,D,1650.59,1707.28,3.04,3.13,2.53
SP1,2023-03-05,Betis,Real Madrid,0.0,0.0,D,1762.55,1951.17,4.58,3.88,1.76
SP1,2023-03-06,Osasuna,Celta,0.0,0.0,D,1674.13,1669.49,2.81,3.06,2.77
SP1,2023-03-10,Cadiz,Getafe,2.0,2.0,D,1623.01,1628.66,2.52,2.85,3.38
SP1,2023-03-11,Real Madrid,Espanol,3.0,1.0,H,1951.17,1637.77,1.26,6.0,11.6
SP1,2023-03-11,Elche,Valladolid,1.0,1.0,D,1544.6,1610.0,2.67,3.29,2.73
SP1,2023-03-11,Celta,Vallecano,3.0,0.0,H,1669.49,1650.59,2.11,3.19,3.9
SP1,2023-03-11,Valencia,Osasuna,1.0,0.0,H,1649.65,1674.13,2.1,3.2,3.89
SP1,2023-03-12,Mallorca,Sociedad,1.0,1.0,D,1639.05,1768.86,3.47,2.91,2.42
SP1,2023-03-12,Sevilla,Almeria,2.0,1.0,H,1721.93,1610.28,1.74,3.76,4.89
SP1,2023-03-12,Villarreal,Betis,1.0,1.0,D,1736.2,1762.55,1.98,3.62,3.75
SP1,2023-03-12,Ath Bilbao,Barcelona,0.0,1.0,A,1707.28,1885.42,3.49,3.34,2.18
SP1,2023-03-13,Girona,Ath Madrid,0.0,1.0,A,1632.32,1806.97,3.65,3.37,2.1
SP1,2023-03-17,Valladolid,Ath Bilbao,1.0,3.0,A,1614.39,1699.42,4.27,3.69,1.86
SP1,2023-03-18,Almeria,Cadiz,1.0,1.0,D,1594.38,1623.88,2.08,3.4,3.71
SP1,2023-03-18,Vallecano,Girona,2.0,2.0,D,1637.31,1618.03,2.08,3.39,3.72
SP1,2023-03-18,Espanol,Celta,1.0,3.0,A,1626.21,1678.74,2.88,3.19,2.6
SP1,2023-03-18,Ath Madrid,Valencia,3.0,0.0,H,1818.93,1651.75,1.57,3.95,6.53
SP1,2023-03-19,Betis,Mallorca,1.0,0.0,H,1757.17,1625.39,1.86,3.31,4.9
SP1,2023-03-19,Osasuna,Villarreal,0.0,3.0,A,1662.17,1741.02,3.09,3.19,2.46
SP1,2023-03-19,Sociedad,Elche,2.0,0.0,H,1749.91,1553.81,1.4,4.66,8.9
SP1,2023-03-19,Getafe,Sevilla,2.0,0.0,H,1634.07,1720.08,2.99,3.03,2.63
SP1,2023-03-19,Barcelona,Real Madrid,2.0,1.0,H,1890.01,1946.86,2.19,3.54,3.3
SP1,2023-03-31,Mallorca,Osasuna,0.0,0.0,D,1625.39,1662.17,2.23,2.87,4.02
SP1,2023-04-01,Girona,Espanol,2.0,1.0,H,1613.81,1607.37,1.94,3.46,4.15
SP1,2023-04-01,Ath Bilbao,Getafe,0.0,0.0,D,1703.75,1639.67,1.62,3.68,6.48
SP1,2023-04-01,Cadiz,Sevilla,0.0,2.0,A,1618.3,1701.57,3.37,3.13,2.34
SP1,2023-04-01,Elche,Barcelona,0.0,4.0,A,1543.34,1891.3,9.44,5.16,1.34
SP1,2023-04-02,Celta,Almeria,2.0,2.0,D,1684.16,1586.55,1.57,4.17,6.01
SP1,2023-04-02,Real Madrid,Valladolid,6.0,0.0,H,1937.62,1596.64,1.21,7.2,13.22
SP1,2023-04-02,Villarreal,Sociedad,2.0,0.0,H,1730.26,1742.13,2.4,3.21,3.16
SP1,2023-04-02,Ath Madrid,Betis,1.0,0.0,H,1817.4,1749.99,1.54,4.17,6.47
SP1,2023-04-03,Valencia,Vallecano,1.0,1.0,D,1639.87,1628.12,2.12,3.21,3.81
SP1,2023-04-07,Sevilla,Celta,2.0,2.0,D,1701.57,1684.16,2.19,3.36,3.47
SP1,2023-04-08,Osasuna,Elche,2.0,1.0,H,1641.97,1543.34,1.77,3.54,5.13
SP1,2023-04-08,Espanol,Ath Bilbao,1.0,2.0,A,1607.37,1703.75,3.48,3.22,2.24
SP1,2023-04-08,Sociedad,Getafe,2.0,0.0,H,1742.13,1639.67,1.7,3.44,6.1
SP1,2023-04-08,Real Madrid,Villarreal,2.0,3.0,A,1937.62,1730.26,1.53,4.51,5.93
SP1,2023-04-09,Valladolid,Mallorca,3.0,3.0,D,1596.64,1613.76,2.57,2.91,3.2
SP1,2023-04-09,Betis,Cadiz,0.0,2.0,A,1749.99,1618.3,1.67,3.74,5.64
SP1,2023-04-09,Almeria,Valencia,2.0,1.0,H,1586.55,1639.87,3.03,3.34,2.41
SP1,2023-04-09,Vallecano,Ath Madrid,1.0,2.0,A,1628.12,1817.4,4.45,3.45,1.89
SP1,2023-04-10,Barcelona,Girona,0.0,0.0,D,1891.3,1613.81,1.3,5.62,10.2
SP1,2023-04-14,Vallecano,Osasuna,2.0,1.0,H,1628.12,1641.97,2.21,3.11,3.73
SP1,2023-04-15,Villarreal,Valladolid,1.0,2.0,A,1756.9,1595.32,1.43,4.87,7.17
SP1,2023-04-15,Ath Bilbao,Sociedad,2.0,0.0,H,1710.18,1741.7,2.28,3.16,3.5
SP1,2023-04-15,Betis,Espanol,3.0,1.0,H,1729.27,1596.81,1.85,3.54,4.56
SP1,2023-04-15,Cadiz,Real Madrid,0.0,2.0,A,1628.63,1934.81,5.78,4.26,1.57
SP1,2023-04-16,Girona,Elche,2.0,0.0,H,1630.16,1537.29,1.53,4.28,6.34
SP1,2023-04-16,Getafe,Barcelona,0.0,0.0,D,1639.84,1891.25,6.13,3.87,1.61
SP1,2023-04-16,Ath Madrid,Almeria,2.0,1.0,H,1830.03,1601.18,1.23,6.35,13.07
SP1,2023-04-16,Valencia,Sevilla,0.0,2.0,A,1632.96,1715.59,2.19,3.27,3.57
SP1,2023-04-17,Celta,Mallorca,0.0,1.0,A,1685.35,1617.92,1.81,3.33,5.21
SP1,2023-04-21,Espanol,Cadiz,0.0,0.0,D,1596.81,1628.63,2.08,3.32,3.84
SP1,2023-04-22,Osasuna,Betis,3.0,2.0,H,1641.82,1729.27,2.64,3.12,2.9
SP1,2023-04-22,Almeria,Ath Bilbao,1.0,2.0,A,1601.18,1710.18,4.11,3.68,1.88
SP1,2023-04-22,Sociedad,Vallecano,2.0,1.0,H,1741.7,1635.24,1.67,3.65,5.81
SP1,2023-04-22,Valladolid,Girona,1.0,0.0,H,1595.32,1630.16,2.47,3.42,2.87
SP1,2023-04-22,Real Madrid,Celta,2.0,0.0,H,1934.81,1685.35,1.37,5.25,8.16
SP1,2023-04-23,Elche,Valencia,0.0,2.0,A,1537.29,1632.96,4.35,3.5,1.89
SP1,2023-04-23,Barcelona,Ath Madrid,1.0,0.0,H,1891.25,1830.03,1.97,3.43,4.09
SP1,2023-04-23,Mallorca,Getafe,3.0,1.0,H,1617.92,1639.84,2.35,2.81,3.79
SP1,2023-04-23,Sevilla,Villarreal,2.0,1.0,H,1715.59,1756.9,2.82,3.38,2.53
SP1,2023-04-25,Cadiz,Osasuna,0.0,1.0,A,1628.63,1641.82,2.37,3.14,3.33
SP1,2023-04-25,Girona,Real Madrid,4.0,2.0,H,1630.16,1934.81,5.45,4.39,1.58
SP1,2023-04-25,Betis,Sociedad,0.0,0.0,D,1729.27,1741.7,2.84,3.22,2.65
SP1,2023-04-26,Ath Madrid,Mallorca,3.0,1.0,H,1830.03,1617.92,1.42,4.25,9.22
SP1,2023-04-26,Getafe,Almeria,1.0,2.0,A,1639.84,1601.18,1.89,3.44,4.44
SP1,2023-04-26,Celta,Elche,1.0,0.0,H,1685.35,1537.29,1.33,5.16,10.21
SP1,2023-04-26,Vallecano,Barcelona,2.0,1.0,H,1635.24,1891.25,4.9,3.72,1.75
SP1,2023-04-27,Valencia,Valladolid,2.0,1.0,H,1632.96,1595.32,1.75,3.77,4.77
SP1,2023-04-27,Villarreal,Espanol,4.0,2.0,H,1756.9,1596.81,1.6,4.05,5.75
SP1,2023-04-27,Ath Bilbao,Sevilla,0.0,1.0,A,1710.18,1715.59,1.79,3.65,4.69
SP1,2023-04-28,Osasuna,Sociedad,0.0,2.0,A,1641.82,1741.7,3.84,3.01,2.22
SP1,2023-04-29,Elche,Vallecano,4.0,0.0,H,1537.29,1635.24,4.66,3.54,1.83
SP1,2023-04-29,Real Madrid,Almeria,4.0,2.0,H,1934.81,1601.18,1.16,8.52,16.07
SP1,2023-04-29,Barcelona,Betis,4.0,0.0,H,1891.25,1729.27,1.34,5.22,9.1
SP1,2023-04-30,Cadiz,Valencia,2.0,1.0,H,1628.63,1632.96,3.02,3.19,2.49
SP1,2023-04-30,Villarreal,Celta,3.0,1.0,H,1756.9,1685.35,1.82,3.77,4.32
SP1,2023-04-30,Espanol,Getafe,1.0,0.0,H,1596.81,1639.84,2.42,3.0,3.35
SP1,2023-04-30,Valladolid,Ath Madrid,2.0,5.0,A,1595.32,1830.03,5.21,4.01,1.66
SP1,2023-05-01,Mallorca,Ath Bilbao,1.0,1.0,D,1645.74,1728.09,3.64,2.98,2.29
SP1,2023-05-01,Sevilla,Girona,0.0,2.0,A,1778.19,1658.96,1.99,3.5,3.87
SP1,2023-05-02,Almeria,Elche,2.0,1.0,H,1611.84,1546.88,1.62,4.33,5.21
SP1,2023-05-02,Barcelona,Osasuna,1.0,0.0,H,1895.02,1658.82,1.16,7.76,18.74
SP1,2023-05-02,Sociedad,Real Madrid,2.0,0.0,H,1758.76,1939.63,2.54,3.35,2.87
SP1,2023-05-03,Valencia,Villarreal,1.0,1.0,D,1641.69,1758.6,2.76,3.43,2.56
SP1,2023-05-03,Ath Madrid,Cadiz,5.0,1.0,H,1848.68,1633.1,1.28,5.69,12.11
SP1,2023-05-03,Getafe,Celta,1.0,0.0,H,1626.6,1677.97,2.56,2.99,3.14
SP1,2023-05-04,Girona,Mallorca,2.0,1.0,H,1658.96,1645.74,2.13,3.23,3.79
SP1,2023-05-04,Sevilla,Espanol,3.0,2.0,H,1778.19,1603.62,1.86,3.58,4.36
SP1,2023-05-04,Ath Bilbao,Betis,0.0,1.0,A,1728.09,1727.57,1.7,3.87,5.15
SP1,2023-05-04,Vallecano,Valladolid,2.0,1.0,H,1634.81,1612.17,1.79,3.73,4.59
SP1,2023-05-12,Mallorca,Cadiz,1.0,0.0,H,1645.74,1633.1,2.19,2.99,3.95
SP1,2023-05-13,Sociedad,Girona,2.0,2.0,D,1758.76,1658.96,1.65,3.91,5.47
SP1,2023-05-13,Osasuna,Almeria,3.0,1.0,H,1658.82,1611.84,2.09,3.55,3.53
SP1,2023-05-13,Villarreal,Ath Bilbao,5.0,1.0,H,1758.6,1728.09,2.17,3.5,3.39
SP1,2023-05-13,Real Madrid,Getafe,1.0,0.0,H,1939.63,1626.6,1.57,4.1,6.1
SP1,2023-05-14,Celta,Valencia,1.0,2.0,A,1677.97,1641.69,2.28,3.22,3.37
SP1,2023-05-14,Elche,Ath Madrid,1.0,0.0,H,1546.88,1848.68,8.74,5.11,1.36
SP1,2023-05-14,Valladolid,Sevilla,0.0,3.0,A,1612.17,1778.19,2.24,3.52,3.16
SP1,2023-05-14,Espanol,Barcelona,2.0,4.0,A,1603.62,1895.02,5.28,4.06,1.64
SP1,2023-05-15,Betis,Vallecano,3.0,1.0,H,1738.28,1641.04,1.92,3.52,4.15
SP1,2023-05-19,Cadiz,Valladolid,2.0,0.0,H,1623.29,1597.02,2.22,3.41,3.36
SP1,2023-05-20,Girona,Villarreal,1.0,2.0,A,1687.72,1768.63,2.86,3.73,2.36
SP1,2023-05-20,Ath Bilbao,Celta,2.0,1.0,H,1707.85,1660.18,1.67,3.87,5.44
SP1,2023-05-20,Almeria,Mallorca,3.0,0.0,H,1609.72,1647.17,2.29,3.32,3.29
SP1,2023-05-20,Getafe,Elche,1.0,1.0,D,1633.31,1556.78,1.51,4.09,7.46
SP1,2023-05-20,Barcelona,Sociedad,1.0,2.0,A,1902.24,1770.53,1.85,3.7,4.33
SP1,2023-05-21,Vallecano,Espanol,1.0,2.0,A,1641.04,1596.8,2.17,3.46,3.42
SP1,2023-05-21,Ath Madrid,Osasuna,3.0,0.0,H,1840.01,1664.89,1.38,4.98,8.57
SP1,2023-05-21,Valencia,Real Madrid,1.0,0.0,H,1654.5,1925.82,3.17,3.62,2.21
SP1,2023-05-21,Sevilla,Betis,0.0,0.0,D,1776.45,1738.28,2.35,3.38,3.12
SP1,2023-05-23,Celta,Girona,1.0,1.0,D,1660.18,1687.72,2.03,3.49,3.79
SP1,2023-05-23,Sociedad,Almeria,1.0,0.0,H,1770.53,1609.72,1.37,5.13,8.39
SP1,2023-05-23,Valladolid,Barcelona,3.0,1.0,H,1597.02,1902.24,3.59,3.83,1.99
SP1,2023-05-24,Elche,Sevilla,1.0,1.0,D,1556.78,1776.45,4.04,3.74,1.89
SP1,2023-05-24,Real Madrid,Vallecano,2.0,1.0,H,1925.82,1641.04,1.65,4.19,5.07
SP1,2023-05-24,Villarreal,Cadiz,2.0,0.0,H,1768.63,1623.29,1.49,4.5,6.6
SP1,2023-05-24,Betis,Getafe,0.0,1.0,A,1738.28,1633.31,2.06,3.22,4.05
SP1,2023-05-24,Espanol,Ath Madrid,3.0,3.0,D,1596.8,1840.01,2.94,3.57,2.36
SP1,2023-05-25,Mallorca,Valencia,1.0,0.0,H,1647.17,1654.5,3.4,2.97,2.41
SP1,2023-05-25,Osasuna,Ath Bilbao,2.0,0.0,H,1664.89,1707.85,3.02,3.32,2.43
SP1,2023-05-27,Sevilla,Real Madrid,1.0,2.0,A,1776.45,1925.82,2.87,3.46,2.44
SP1,2023-05-28,Almeria,Valladolid,0.0,0.0,D,1609.72,1597.02,2.28,3.56,3.06
SP1,2023-05-28,Ath Bilbao,Elche,0.0,1.0,A,1707.85,1556.78,1.32,5.37,9.45
SP1,2023-05-28,Ath Madrid,Sociedad,2.0,1.0,H,1840.01,1770.53,2.05,3.5,3.68
SP1,2023-05-28,Barcelona,Mallorca,3.0,0.0,H,1902.24,1647.17,1.32,5.42,9.38
SP1,2023-05-28,Cadiz,Celta,1.0,0.0,H,1623.29,1660.18,2.63,3.22,2.81
SP1,2023-05-28,Getafe,Osasuna,2.0,1.0,H,1633.31,1664.89,2.23,3.11,3.58
SP1,2023-05-28,Girona,Betis,1.0,2.0,A,1687.72,1738.28,2.0,3.59,3.69
SP1,2023-05-28,Valencia,Espanol,2.0,2.0,D,1654.5,1596.8,2.01,3.62,3.64
SP1,2023-05-28,Vallecano,Villarreal,2.0,1.0,H,1641.04,1768.63,3.01,3.7,2.25
SP1,2023-06-04,Mallorca,Vallecano,3.0,0.0,H,1639.14,1633.77,3.1,3.33,2.36
SP1,2023-06-04,Osasuna,Girona,2.0,1.0,H,1664.39,1673.22,2.13,3.54,3.41
SP1,2023-06-04,Real Madrid,Ath Bilbao,1.0,1.0,D,1913.45,1689.72,1.93,3.88,3.73
SP1,2023-06-04,Sociedad,Sevilla,2.0,1.0,H,1782.5,1774.2,1.71,4.03,4.68
SP1,2023-06-04,Villarreal,Ath Madrid,2.0,2.0,D,1771.65,1846.27,2.69,3.65,2.51
SP1,2023-06-04,Betis,Valencia,1.0,1.0,D,1743.65,1657.57,2.78,3.59,2.46
SP1,2023-06-04,Celta,Barcelona,2.0,1.0,H,1647.53,1874.02,2.63,3.68,2.54
SP1,2023-06-04,Elche,Cadiz,1.0,1.0,D,1578.96,1634.18,2.67,3.4,2.65
SP1,2023-06-04,Espanol,Almeria,3.0,3.0,D,1616.29,1617.23,2.78,3.74,2.4
SP1,2023-06-04,Valladolid,Getafe,0.0,0.0,D,1611.77,1649.97,2.22,3.31,3.4
SP1,2023-08-11,Almeria,Vallecano,0.0,2.0,A,1619.36,1623.35,2.54,3.26,2.92
SP1,2023-08-11,Sevilla,Valencia,1.0,2.0,A,1768.19,1661.93,1.93,3.4,4.33
SP1,2023-08-12,Sociedad,Girona,1.0,1.0,D,1788.51,1666.84,1.63,3.97,5.58
SP1,2023-08-12,Las Palmas,Mallorca,1.0,1.0,D,1576.27,1649.57,2.44,3.0,3.31
SP1,2023-08-12,Ath Bilbao,Real Madrid,0.0,2.0,A,1696.7,1906.47,3.4,3.52,2.15
SP1,2023-08-13,Celta,Osasuna,0.0,2.0,A,1659.41,1670.77,2.12,3.23,3.8
SP1,2023-08-13,Villarreal,Betis,1.0,2.0,A,1771.6,1739.29,1.77,3.93,4.4
SP1,2023-08-13,Getafe,Barcelona,0.0,0.0,D,1651.06,1862.14,6.35,3.99,1.57
SP1,2023-08-14,Cadiz,Alaves,1.0,0.0,H,1634.79,1598.6,2.19,3.06,3.79
SP1,2023-08-14,Ath Madrid,Granada,3.0,1.0,H,1846.32,1620.59,1.3,5.49,10.27
SP1,2023-08-18,Mallorca,Villarreal,0.0,1.0,A,1649.64,1760.69,2.95,3.11,2.63
SP1,2023-08-18,Valencia,Las Palmas,1.0,0.0,H,1674.64,1576.2,1.59,3.94,6.28
SP1,2023-08-19,Sociedad,Celta,1.0,1.0,D,1783.37,1645.57,1.76,3.5,5.24
SP1,2023-08-19,Almeria,Real Madrid,1.0,3.0,A,1605.46,1913.27,8.0,5.01,1.39
SP1,2023-08-19,Osasuna,Ath Bilbao,0.0,2.0,A,1684.61,1689.91,2.83,3.11,2.71
SP1,2023-08-20,Girona,Getafe,3.0,0.0,H,1671.98,1654.78,2.05,3.18,4.15
SP1,2023-08-20,Barcelona,Cadiz,2.0,0.0,H,1858.43,1640.3,1.21,6.7,14.64
SP1,2023-08-20,Betis,Ath Madrid,0.0,0.0,D,1750.2,1849.34,3.86,3.45,2.03
SP1,2023-08-21,Alaves,Sevilla,4.0,3.0,H,1593.09,1755.48,3.32,3.06,2.4
SP1,2023-08-21,Granada,Vallecano,0.0,2.0,A,1617.57,1637.25,2.65,3.08,2.92
SP1,2023-08-25,Las Palmas,Sociedad,0.0,0.0,D,1576.2,1783.37,4.1,3.28,2.04
SP1,2023-08-25,Celta,Real Madrid,0.0,1.0,A,1645.57,1913.27,4.74,3.94,1.74
SP1,2023-08-26,Cadiz,Almeria,1.0,1.0,D,1640.3,1605.46,2.25,3.36,3.34
SP1,2023-08-26,Granada,Mallorca,3.0,2.0,H,1617.57,1649.64,2.65,3.0,3.01
SP1,2023-08-26,Sevilla,Girona,1.0,2.0,A,1755.48,1671.98,2.08,3.48,3.65
SP1,2023-08-27,Villarreal,Barcelona,3.0,4.0,A,1760.69,1858.43,3.54,3.7,2.05
SP1,2023-08-27,Valencia,Osasuna,1.0,2.0,A,1674.64,1684.61,1.9,3.49,4.33
SP1,2023-08-27,Ath Bilbao,Betis,4.0,2.0,H,1689.91,1750.2,1.92,3.66,4.03
SP1,2023-08-28,Getafe,Alaves,1.0,0.0,H,1654.78,1593.09,2.28,2.93,3.8
SP1,2023-08-28,Vallecano,Ath Madrid,0.0,7.0,A,1637.25,1849.34,4.04,3.47,1.97
SP1,2023-09-01,Cadiz,Villarreal,3.0,1.0,H,1630.51,1756.75,3.36,3.53,2.18
SP1,2023-09-01,Almeria,Celta,2.0,3.0,A,1600.86,1643.84,2.97,3.31,2.5
SP1,2023-09-02,Sociedad,Granada,5.0,3.0,H,1770.73,1607.75,1.45,4.59,7.29
SP1,2023-09-02,Real Madrid,Getafe,2.0,1.0,H,1917.42,1646.51,1.33,5.14,10.55
SP1,2023-09-02,Alaves,Valencia,1.0,0.0,H,1594.59,1664.7,2.93,2.94,2.77
SP1,2023-09-02,Betis,Vallecano,1.0,0.0,H,1736.77,1634.18,1.98,3.5,3.99
SP1,2023-09-03,Girona,Las Palmas,1.0,0.0,H,1690.1,1572.16,1.68,3.79,5.46
SP1,2023-09-03,Mallorca,Ath Bilbao,0.0,0.0,D,1631.7,1711.07,3.26,3.09,2.42
SP1,2023-09-03,Osasuna,Barcelona,1.0,2.0,A,1666.46,1865.53,5.12,4.1,1.66
SP1,2023-09-15,Vallecano,Alaves,2.0,0.0,H,1630.26,1602.65,2.01,3.2,4.36
SP1,2023-09-16,Ath Bilbao,Cadiz,3.0,0.0,H,1710.94,1643.92,1.55,4.08,6.56
SP1,2023-09-16,Valencia,Ath Madrid,3.0,0.0,H,1656.63,1858.06,3.82,3.38,2.06
SP1,2023-09-16,Celta,Mallorca,0.0,1.0,A,1652.76,1631.83,2.05,3.13,4.25
SP1,2023-09-16,Barcelona,Betis,5.0,0.0,H,1870.51,1740.7,1.37,5.23,7.99
SP1,2023-09-17,Getafe,Osasuna,3.0,2.0,H,1644.82,1661.48,2.6,2.93,3.16
SP1,2023-09-17,Villarreal,Almeria,2.0,1.0,H,1743.33,1591.94,1.48,4.77,6.36
SP1,2023-09-17,Sevilla,Las Palmas,1.0,0.0,H,1729.87,1568.48,1.64,3.92,5.68
SP1,2023-09-17,Real Madrid,Sociedad,2.0,1.0,H,1919.12,1774.95,1.67,3.97,5.2
SP1,2023-09-18,Granada,Girona,2.0,4.0,A,1603.54,1693.78,2.71,3.37,2.64
SP1,2023-09-22,Alaves,Ath Bilbao,0.0,2.0,A,1602.65,1710.94,4.07,3.14,2.09
SP1,2023-09-23,Girona,Mallorca,5.0,3.0,H,1693.78,1631.83,1.92,3.38,4.42
SP1,2023-09-23,Osasuna,Sevilla,0.0,0.0,D,1661.48,1729.87,2.55,3.21,2.94
SP1,2023-09-23,Barcelona,Celta,3.0,2.0,H,1870.51,1652.76,1.29,5.95,10.23
SP1,2023-09-23,Almeria,Valencia,2.0,2.0,D,1591.94,1656.63,3.04,3.48,2.34
SP1,2023-09-24,Sociedad,Getafe,4.0,3.0,H,1774.95,1644.82,1.55,3.77,7.37
SP1,2023-09-24,Vallecano,Villarreal,1.0,1.0,D,1630.26,1743.33,2.52,3.54,2.74
SP1,2023-09-24,Betis,Cadiz,1.0,1.0,D,1740.7,1643.92,1.85,3.56,4.49
SP1,2023-09-24,Las Palmas,Granada,1.0,0.0,H,1568.48,1603.54,2.03,3.49,3.77
SP1,2023-09-24,Ath Madrid,Real Madrid,3.0,1.0,H,1858.06,1919.12,2.83,3.36,2.56
SP1,2023-09-26,Sevilla,Almeria,5.0,1.0,H,1729.87,1591.94,1.67,4.04,5.08
SP1,2023-09-26,Mallorca,Barcelona,2.0,2.0,D,1631.83,1870.51,6.89,4.38,1.5
SP1,2023-09-27,Ath Bilbao,Getafe,2.0,2.0,D,1710.94,1644.82,1.64,3.7,6.21
SP1,2023-09-27,Real Madrid,Las Palmas,2.0,0.0,H,1919.12,1568.48,1.22,6.92,13.1
SP1,2023-09-27,Villarreal,Girona,1.0,2.0,A,1743.33,1693.78,2.23,3.66,3.12
SP1,2023-09-27,Cadiz,Vallecano,0.0,0.0,D,1643.92,1630.26,2.58,3.17,2.95
SP1,2023-09-27,Valencia,Sociedad,0.0,1.0,A,1656.63,1774.95,2.65,3.14,2.89
SP1,2023-09-28,Celta,Alaves,1.0,1.0,D,1652.76,1602.65,1.71,3.57,5.6
SP1,2023-09-28,Granada,Betis,1.0,1.0,D,1603.54,1740.7,3.04,3.45,2.36
SP1,2023-09-28,Osasuna,Ath Madrid,0.0,2.0,A,1661.48,1858.06,3.53,3.43,2.14
SP1,2023-09-29,Barcelona,Sevilla,1.0,0.0,H,1870.51,1729.87,1.38,5.35,7.92
SP1,2023-09-30,Getafe,Villarreal,0.0,0.0,D,1644.82,1743.33,2.93,3.25,2.56
SP1,2023-09-30,Vallecano,Mallorca,2.0,2.0,D,1630.26,1631.83,2.18,3.15,3.79
SP1,2023-09-30,Girona,Real Madrid,0.0,3.0,A,1693.78,1919.12,3.57,3.92,1.98
SP1,2023-09-30,Sociedad,Ath Bilbao,3.0,0.0,H,1774.95,1710.94,2.24,3.25,3.49
SP1,2023-10-01,Almeria,Granada,3.0,3.0,D,1576.93,1581.25,1.96,3.7,3.79
SP1,2023-10-01,Alaves,Osasuna,0.0,2.0,A,1582.35,1641.23,2.71,3.06,2.87
SP1,2023-10-01,Ath Madrid,Cadiz,3.0,2.0,H,1851.12,1631.66,1.36,5.08,9.18
SP1,2023-10-01,Betis,Valencia,3.0,0.0,H,1711.74,1662.28,2.31,3.32,3.23
SP1,2023-10-02,Las Palmas,Celta,2.0,1.0,H,1564.68,1630.37,2.48,3.21,3.03
SP1,2023-10-06,Ath Bilbao,Almeria,3.0,0.0,H,1710.4,1576.93,1.38,5.24,8.16
SP1,2023-10-07,Cadiz,Girona,0.0,1.0,A,1631.66,1706.78,3.25,3.41,2.28
SP1,2023-10-07,Real Madrid,Osasuna,4.0,0.0,H,1917.37,1641.23,1.31,5.7,9.96
SP1,2023-10-07,Mallorca,Valencia,1.0,1.0,D,1636.47,1662.28,2.51,3.08,3.16
SP1,2023-10-07,Sevilla,Vallecano,2.0,2.0,D,1727.12,1632.48,1.89,3.58,4.27
SP1,2023-10-08,Villarreal,Las Palmas,1.0,2.0,A,1713.49,1564.68,1.62,4.17,5.48
SP1,2023-10-08,Ath Madrid,Sociedad,2.0,1.0,H,1851.12,1786.76,1.91,3.45,4.42
SP1,2023-10-08,Alaves,Betis,1.0,1.0,D,1582.35,1711.74,2.86,3.18,2.65
SP1,2023-10-08,Celta,Getafe,2.0,2.0,D,1630.37,1645.78,2.06,3.2,4.11
SP1,2023-10-08,Granada,Barcelona,2.0,2.0,D,1581.25,1877.37,6.92,5.18,1.42
SP1,2023-10-20,Osasuna,Granada,2.0,0.0,H,1666.01,1604.61,1.73,3.87,4.89
SP1,2023-10-21,Sociedad,Mallorca,1.0,0.0,H,1810.15,1650.24,1.57,3.84,7.03
SP1,2023-10-21,Getafe,Betis,1.0,1.0,D,1662.77,1737.45,2.49,3.11,3.15
SP1,2023-10-21,Sevilla,Real Madrid,1.0,1.0,D,1741.37,1945.74,4.08,3.87,1.86
SP1,2023-10-21,Celta,Ath Madrid,0.0,3.0,A,1636.46,1877.48,3.58,3.49,2.11
SP1,2023-10-22,Las Palmas,Vallecano,0.0,1.0,A,1601.55,1652.63,2.66,3.14,2.87
SP1,2023-10-22,Girona,Almeria,5.0,2.0,H,1730.35,1584.68,1.47,4.81,6.6
SP1,2023-10-22,Villarreal,Alaves,1.0,1.0,D,1721.35,1587.57,1.73,3.85,4.96
SP1,2023-10-22,Barcelona,Ath Bilbao,1.0,0.0,H,1895.62,1731.47,1.67,4.09,5.13
SP1,2023-10-23,Valencia,Cadiz,2.0,0.0,H,1670.9,1636.91,1.77,3.57,5.03
SP1,2023-10-27,Girona,Celta,1.0,0.0,H,1730.35,1636.46,1.69,4.2,4.74
SP1,2023-10-28,Almeria,Las Palmas,1.0,2.0,A,1584.68,1601.55,2.33,3.46,3.1
SP1,2023-10-28,Barcelona,Real Madrid,1.0,2.0,A,1895.62,1945.74,2.55,3.66,2.68
SP1,2023-10-28,Mallorca,Getafe,0.0,0.0,D,1650.24,1662.77,2.31,3.03,3.61
SP1,2023-10-28,Cadiz,Sevilla,2.0,2.0,D,1636.91,1741.37,3.29,3.34,2.29
SP1,2023-10-29,Betis,Osasuna,2.0,1.0,H,1737.45,1666.01,2.08,3.41,3.74
SP1,2023-10-29,Vallecano,Sociedad,2.0,2.0,D,1652.63,1810.15,3.21,3.14,2.43
SP1,2023-10-29,Ath Bilbao,Valencia,2.0,2.0,D,1731.47,1670.9,1.65,3.87,5.72
SP1,2023-10-29,Ath Madrid,Alaves,2.0,1.0,H,1877.48,1587.57,1.39,4.89,8.71
SP1,2023-10-30,Granada,Villarreal,2.0,3.0,A,1604.61,1721.35,3.02,3.6,2.31
SP1,2023-11-03,Las Palmas,Ath Madrid,2.0,1.0,H,1604.65,1883.49,5.7,3.79,1.66
SP1,2023-11-04,Osasuna,Girona,2.0,4.0,A,1670.36,1741.67,2.88,3.45,2.47
SP1,2023-11-04,Betis,Mallorca,2.0,0.0,H,1747.59,1647.87,1.92,3.4,4.42
SP1,2023-11-04,Celta,Sevilla,1.0,1.0,D,1627.9,1740.95,2.57,3.43,2.77
SP1,2023-11-04,Sociedad,Barcelona,0.0,1.0,A,1822.55,1893.22,3.26,3.5,2.23
SP1,2023-11-05,Alaves,Almeria,1.0,0.0,H,1593.79,1572.17,1.79,3.76,4.63
SP1,2023-11-05,Valencia,Granada,1.0,0.0,H,1684.46,1593.41,1.65,4.07,5.23
SP1,2023-11-05,Villarreal,Ath Bilbao,2.0,3.0,A,1725.21,1727.39,2.98,3.58,2.36
SP1,2023-11-05,Real Madrid,Vallecano,0.0,0.0,D,1956.96,1666.16,1.28,6.08,10.82
SP1,2023-11-06,Getafe,Cadiz,1.0,0.0,H,1666.74,1632.49,1.93,3.21,4.67
SP1,2023-11-10,Ath Bilbao,Celta,4.0,3.0,H,1727.39,1627.9,1.68,4.05,5.07
SP1,2023-11-11,Vallecano,Girona,1.0,2.0,A,1666.16,1741.67,2.88,3.51,2.45
SP1,2023-11-11,Almeria,Sociedad,1.0,3.0,A,1572.17,1822.55,4.71,3.95,1.73
SP1,2023-11-11,Granada,Getafe,1.0,1.0,D,1593.41,1666.74,2.55,3.18,2.98
SP1,2023-11-11,Osasuna,Las Palmas,1.0,1.0,D,1670.36,1604.65,1.99,3.32,4.21
SP1,2023-11-11,Real Madrid,Valencia,5.0,1.0,H,1956.96,1684.46,1.33,5.48,9.41
SP1,2023-11-12,Barcelona,Alaves,2.0,1.0,H,1893.22,1593.79,1.25,6.32,11.97
SP1,2023-11-12,Sevilla,Betis,1.0,1.0,D,1740.95,1747.59,2.13,3.53,3.47
SP1,2023-11-12,Ath Madrid,Villarreal,3.0,1.0,H,1883.49,1725.21,1.37,5.33,7.92
SP1,2023-11-24,Alaves,Granada,3.0,1.0,H,1599.54,1591.18,1.74,3.74,5.05
SP1,2023-11-25,Vallecano,Barcelona,1.0,1.0,D,1667.78,1891.05,5.13,4.13,1.65
SP1,2023-11-25,Valencia,Celta,0.0,0.0,D,1686.86,1626.78,2.18,3.39,3.47
SP1,2023-11-25,Getafe,Almeria,2.0,1.0,H,1673.75,1562.84,1.68,3.82,5.41
SP1,2023-11-25,Ath Madrid,Mallorca,1.0,0.0,H,1880.75,1643.92,1.38,4.83,9.17
SP1,2023-11-26,Villarreal,Osasuna,3.0,1.0,H,1718.73,1657.05,2.17,3.52,3.38
SP1,2023-11-26,Sociedad,Sevilla,2.0,1.0,H,1828.69,1736.58,1.76,3.71,4.89
SP1,2023-11-26,Cadiz,Real Madrid,0.0,3.0,A,1628.69,1956.72,6.48,4.54,1.5
SP1,2023-11-26,Betis,Las Palmas,1.0,0.0,H,1758.69,1622.8,1.68,3.8,5.52
SP1,2023-11-27,Girona,Ath Bilbao,1.0,1.0,D,1762.97,1742.78,2.28,3.66,3.01
SP1,2023-11-29,Mallorca,Cadiz,1.0,1.0,D,1643.92,1628.69,1.98,3.24,4.38
SP1,2023-12-01,Las Palmas,Getafe,2.0,0.0,H,1618.93,1677.13,2.45,2.95,3.41
SP1,2023-12-02,Girona,Valencia,2.0,1.0,H,1759.84,1682.78,1.7,3.99,4.99
SP1,2023-12-02,Ath Bilbao,Vallecano,4.0,0.0,H,1745.03,1671.43,1.59,4.22,5.72
SP1,2023-12-02,Real Madrid,Granada,2.0,0.0,H,1966.4,1582.15,1.16,8.44,15.7
SP1,2023-12-02,Osasuna,Sociedad,1.0,1.0,D,1649.95,1826.78,3.57,3.23,2.23
SP1,2023-12-03,Mallorca,Alaves,0.0,0.0,D,1638.85,1607.68,2.46,3.01,3.32
SP1,2023-12-03,Almeria,Betis,0.0,0.0,D,1558.57,1752.28,3.28,3.63,2.18
SP1,2023-12-03,Sevilla,Villarreal,1.0,1.0,D,1723.38,1727.62,2.11,3.69,3.41
SP1,2023-12-03,Barcelona,Ath Madrid,1.0,0.0,H,1890.73,1892.1,2.03,3.7,3.6
SP1,2023-12-04,Celta,Cadiz,1.0,1.0,D,1629.98,1626.17,1.6,4.02,5.85
SP1,2023-12-08,Getafe,Valencia,1.0,0.0,H,1677.13,1682.78,2.69,2.88,3.09
SP1,2023-12-09,Alaves,Las Palmas,0.0,1.0,A,1607.68,1618.93,2.06,3.17,4.1
SP1,2023-12-09,Betis,Real Madrid,1.0,1.0,D,1752.28,1966.4,4.26,3.85,1.82
SP1,2023-12-09,Villarreal,Sociedad,0.0,3.0,A,1727.62,1826.78,3.42,3.52,2.14
SP1,2023-12-09,Mallorca,Sevilla,1.0,0.0,H,1638.85,1723.38,2.68,3.16,2.83
SP1,2023-12-10,Ath Madrid,Almeria,2.0,1.0,H,1892.1,1558.57,1.22,7.07,12.5
SP1,2023-12-10,Cadiz,Osasuna,1.0,1.0,D,1626.17,1649.95,2.95,3.14,2.58
SP1,2023-12-10,Barcelona,Girona,2.0,4.0,A,1890.73,1759.84,1.53,4.79,5.6
SP1,2023-12-11,Granada,Ath Bilbao,1.0,1.0,D,1582.15,1745.03,4.8,4.12,1.69
SP1,2023-12-11,Vallecano,Celta,0.0,0.0,D,1671.43,1629.98,2.44,3.32,3.0
SP1,2023-12-15,Osasuna,Vallecano,1.0,0.0,H,1649.64,1654.82,2.25,3.19,3.55
SP1,2023-12-16,Celta,Granada,1.0,0.0,H,1626.07,1581.52,1.67,4.09,5.06
SP1,2023-12-16,Ath Bilbao,Ath Madrid,2.0,0.0,H,1744.0,1887.37,2.44,3.47,2.92
SP1,2023-12-16,Sevilla,Getafe,0.0,3.0,A,1703.2,1667.91,1.95,3.42,4.25
SP1,2023-12-16,Valencia,Barcelona,1.0,1.0,D,1667.34,1860.82,5.12,4.01,1.67
SP1,2023-12-17,Almeria,Mallorca,0.0,0.0,D,1555.96,1639.37,2.65,3.3,2.78
SP1,2023-12-17,Sociedad,Betis,0.0,0.0,D,1837.03,1734.96,1.71,3.87,5.08
SP1,2023-12-17,Las Palmas,Cadiz,1.0,1.0,D,1635.2,1622.26,1.95,3.35,4.35
SP1,2023-12-17,Real Madrid,Villarreal,4.0,1.0,H,1962.25,1715.32,1.29,6.29,9.4
SP1,2023-12-18,Girona,Alaves,3.0,0.0,H,1777.99,1596.18,1.55,4.3,5.95
SP1,2023-12-19,Vallecano,Valencia,0.0,1.0,A,1654.82,1667.34,2.22,3.2,3.58
SP1,2023-12-19,Ath Madrid,Getafe,3.0,3.0,D,1887.37,1667.91,1.46,4.45,7.72
SP1,2023-12-19,Granada,Sevilla,0.0,3.0,A,1581.52,1703.2,2.88,3.32,2.54
SP1,2023-12-20,Barcelona,Almeria,3.0,2.0,H,1860.82,1555.96,1.14,9.55,16.82
SP1,2023-12-20,Ath Bilbao,Las Palmas,1.0,0.0,H,1744.0,1635.2,1.39,4.88,8.3
SP1,2023-12-20,Villarreal,Celta,3.0,2.0,H,1715.32,1626.07,2.41,3.53,2.9
SP1,2023-12-21,Betis,Girona,1.0,1.0,D,1734.96,1777.99,2.8,3.61,2.43
SP1,2023-12-21,Cadiz,Sociedad,0.0,0.0,D,1622.26,1837.03,4.61,3.46,1.85
SP1,2023-12-21,Alaves,Real Madrid,0.0,1.0,A,1596.18,1962.25,5.78,4.27,1.57
SP1,2023-12-21,Mallorca,Osasuna,3.0,2.0,H,1639.37,1649.64,2.37,3.0,3.45
SP1,2023-12-23,Ath Madrid,Sevilla,1.0,0.0,H,1887.37,1703.2,1.53,4.46,6.04
SP1,2024-01-02,Getafe,Vallecano,0.0,2.0,A,1693.74,1638.9,2.42,3.0,3.39
SP1,2024-01-02,Sociedad,Alaves,1.0,1.0,D,1828.72,1589.52,1.59,3.84,6.63
SP1,2024-01-02,Valencia,Villarreal,3.0,1.0,H,1680.19,1716.43,2.05,3.5,3.72
SP1,2024-01-03,Granada,Cadiz,2.0,0.0,H,1563.74,1628.37,2.26,3.19,3.49
SP1,2024-01-03,Celta,Betis,2.0,1.0,H,1626.94,1738.7,2.43,3.37,2.98
SP1,2024-01-03,Real Madrid,Mallorca,1.0,0.0,H,1967.51,1645.85,1.24,6.4,12.86
SP1,2024-01-03,Girona,Ath Madrid,4.0,3.0,H,1783.49,1870.1,2.57,3.61,2.66
SP1,2024-01-04,Osasuna,Almeria,1.0,0.0,H,1649.26,1554.83,1.71,3.92,4.89
SP1,2024-01-04,Sevilla,Ath Bilbao,0.0,2.0,A,1693.83,1761.08,3.08,3.33,2.39
SP1,2024-01-04,Las Palmas,Barcelona,1.0,2.0,A,1629.1,1858.91,5.68,4.33,1.57
SP1,2024-01-12,Sevilla,Alaves,2.0,3.0,A,1693.83,1589.52,1.94,3.35,4.42
SP1,2024-01-13,Las Palmas,Villarreal,3.0,0.0,H,1629.1,1716.43,2.52,3.36,2.87
SP1,2024-01-13,Mallorca,Celta,1.0,1.0,D,1645.85,1626.94,2.57,3.02,3.1
SP1,2024-01-13,Ath Bilbao,Sociedad,2.0,1.0,H,1761.08,1828.72,2.04,3.42,3.88
SP1,2024-01-13,Betis,Granada,1.0,0.0,H,1738.7,1563.74,1.63,4.1,5.45
SP1,2024-01-14,Almeria,Girona,0.0,0.0,D,1554.83,1783.49,4.61,4.32,1.68
SP1,2024-01-14,Cadiz,Valencia,1.0,4.0,A,1628.37,1680.19,2.93,3.02,2.7
SP1,2024-01-19,Alaves,Cadiz,1.0,0.0,H,1609.1,1602.71,1.73,3.45,5.83
SP1,2024-01-20,Vallecano,Las Palmas,0.0,2.0,A,1655.37,1638.8,1.92,3.43,4.37
SP1,2024-01-20,Villarreal,Mallorca,1.0,1.0,D,1692.38,1642.21,2.09,3.48,3.59
SP1,2024-01-20,Valencia,Ath Bilbao,1.0,0.0,H,1704.64,1780.44,3.38,3.39,2.21
SP1,2024-01-20,Celta,Sociedad,0.0,1.0,A,1638.52,1814.09,3.23,3.07,2.46
SP1,2024-01-21,Osasuna,Getafe,3.0,2.0,H,1653.2,1677.27,2.18,3.09,3.81
SP1,2024-01-21,Real Madrid,Almeria,3.0,2.0,H,1968.72,1555.23,1.15,9.07,16.19
SP1,2024-01-21,Betis,Barcelona,2.0,4.0,A,1732.57,1863.41,4.24,3.92,1.81
SP1,2024-01-21,Girona,Sevilla,5.0,1.0,H,1787.27,1669.52,1.73,4.0,4.6
SP1,2024-01-22,Granada,Ath Madrid,0.0,1.0,A,1571.78,1861.99,4.79,3.97,1.71
SP1,2024-01-26,Almeria,Alaves,0.0,3.0,A,1555.23,1609.1,2.61,3.23,2.86
SP1,2024-01-27,Sociedad,Vallecano,0.0,0.0,D,1814.09,1655.37,1.67,3.72,5.69
SP1,2024-01-27,Las Palmas,Real Madrid,1.0,2.0,A,1638.8,1968.72,6.81,4.71,1.46
SP1,2024-01-27,Barcelona,Villarreal,3.0,5.0,A,1863.41,1692.38,1.34,5.91,7.85
SP1,2024-01-27,Mallorca,Betis,0.0,1.0,A,1642.21,1732.57,2.4,3.14,3.25
SP1,2024-01-28,Celta,Girona,0.0,1.0,A,1638.52,1787.27,2.77,3.52,2.49
SP1,2024-01-28,Cadiz,Ath Bilbao,0.0,0.0,D,1602.71,1780.44,5.14,3.62,1.74
SP1,2024-01-28,Sevilla,Osasuna,1.0,1.0,D,1669.52,1653.2,2.06,3.36,3.79
SP1,2024-01-28,Ath Madrid,Valencia,2.0,0.0,H,1861.99,1704.64,1.5,4.42,6.51
SP1,2024-01-29,Getafe,Granada,2.0,0.0,H,1677.27,1571.78,1.82,3.49,4.73
SP1,2024-01-31,Barcelona,Osasuna,1.0,0.0,H,1863.41,1653.2,1.32,5.57,9.5
SP1,2024-01-31,Ath Madrid,Vallecano,2.0,1.0,H,1861.99,1655.37,1.5,4.47,6.58
SP1,2024-02-01,Getafe,Real Madrid,0.0,2.0,A,1676.16,1972.29,6.23,4.19,1.55
SP1,2024-02-02,Ath Bilbao,Mallorca,4.0,0.0,H,1769.48,1637.66,1.55,3.96,6.95
SP1,2024-02-03,Valencia,Almeria,2.0,1.0,H,1708.26,1539.81,1.67,3.93,5.26
SP1,2024-02-03,Granada,Las Palmas,1.0,1.0,D,1562.84,1651.14,2.3,3.25,3.32
SP1,2024-02-03,Alaves,Barcelona,1.0,3.0,A,1629.91,1855.8,4.18,3.71,1.87
SP1,2024-02-03,Girona,Sociedad,0.0,0.0,D,1799.96,1813.56,2.15,3.46,3.48
SP1,2024-02-04,Villarreal,Cadiz,0.0,0.0,D,1708.39,1599.57,1.65,4.04,5.23
SP1,2024-02-04,Osasuna,Celta,0.0,3.0,A,1659.62,1627.25,2.35,3.17,3.31
SP1,2024-02-04,Betis,Getafe,1.0,1.0,D,1731.26,1676.16,1.91,3.43,4.39
SP1,2024-02-04,Real Madrid,Ath Madrid,1.0,1.0,D,1972.29,1871.7,1.76,4.04,4.39
SP1,2024-02-05,Vallecano,Sevilla,1.0,2.0,A,1644.2,1660.36,2.19,3.34,3.45
SP1,2024-02-09,Cadiz,Betis,0.0,2.0,A,1599.57,1731.26,3.03,2.99,2.65
SP1,2024-02-10,Alaves,Villarreal,1.0,1.0,D,1629.91,1708.39,2.21,3.41,3.35
SP1,2024-02-10,Sociedad,Osasuna,0.0,1.0,A,1813.56,1659.62,1.87,3.23,5.01
SP1,2024-02-10,Real Madrid,Girona,4.0,0.0,H,1972.29,1799.96,1.45,5.04,6.42
SP1,2024-02-10,Las Palmas,Valencia,2.0,0.0,H,1651.14,1708.26,2.72,2.99,2.93
SP1,2024-02-11,Getafe,Celta,3.0,2.0,H,1676.16,1627.25,2.24,3.14,3.59
SP1,2024-02-11,Mallorca,Vallecano,2.0,1.0,H,1637.66,1644.2,2.38,2.98,3.46
SP1,2024-02-11,Sevilla,Ath Madrid,1.0,0.0,H,1660.36,1871.7,3.5,3.55,2.09
SP1,2024-02-11,Barcelona,Granada,3.0,3.0,D,1855.8,1562.84,1.21,7.23,12.32
SP1,2024-02-12,Almeria,Ath Bilbao,0.0,0.0,D,1539.81,1769.48,4.65,3.92,1.73
SP1,2024-02-16,Villarreal,Getafe,1.0,1.0,D,1702.35,1680.07,2.0,3.56,3.81
SP1,2024-02-17,Ath Madrid,Las Palmas,5.0,0.0,H,1864.09,1661.07,1.47,4.59,7.09
SP1,2024-02-17,Osasuna,Cadiz,2.0,0.0,H,1653.77,1593.73,1.79,3.41,5.27
SP1,2024-02-17,Celta,Barcelona,1.0,2.0,A,1639.54,1853.21,3.96,3.85,1.88
SP1,2024-02-17,Valencia,Sevilla,0.0,0.0,D,1698.84,1680.35,2.26,3.31,3.34
SP1,2024-02-18,Vallecano,Real Madrid,1.0,1.0,D,1627.24,1979.73,5.49,4.07,1.63
SP1,2024-02-18,Granada,Almeria,1.0,1.0,D,1570.25,1540.46,2.14,3.51,3.41
SP1,2024-02-18,Mallorca,Sociedad,1.0,2.0,A,1636.12,1794.29,3.34,2.83,2.55
SP1,2024-02-18,Betis,Alaves,0.0,0.0,D,1736.4,1623.08,2.1,3.34,3.7
SP1,2024-02-19,Ath Bilbao,Girona,3.0,2.0,H,1771.25,1791.85,1.98,3.72,3.68
SP1,2024-02-23,Sociedad,Villarreal,1.0,3.0,A,1794.29,1702.35,1.73,3.78,5.06
SP1,2024-02-24,Barcelona,Getafe,4.0,0.0,H,1853.21,1680.07,1.42,4.97,7.2
SP1,2024-02-24,Alaves,Mallorca,1.0,1.0,D,1623.08,1636.12,1.94,3.11,4.8
SP1,2024-02-24,Almeria,Ath Madrid,2.0,2.0,D,1540.46,1864.09,4.54,3.95,1.75
SP1,2024-02-25,Cadiz,Celta,2.0,2.0,D,1593.73,1639.54,3.08,3.03,2.57
SP1,2024-02-25,Betis,Ath Bilbao,3.0,1.0,H,1736.4,1771.25,3.5,3.26,2.21
SP1,2024-02-25,Las Palmas,Osasuna,1.0,1.0,D,1661.07,1653.77,2.41,3.03,3.33
SP1,2024-02-25,Real Madrid,Sevilla,1.0,0.0,H,1979.73,1680.35,1.3,5.85,9.43
SP1,2024-02-26,Girona,Vallecano,3.0,0.0,H,1791.85,1627.24,1.66,4.11,4.96
SP1,2024-03-01,Celta,Almeria,1.0,0.0,H,1629.83,1543.59,1.86,3.68,4.3
SP1,2024-03-02,Sevilla,Sociedad,3.0,2.0,H,1675.58,1776.71,2.6,3.02,3.05
SP1,2024-03-02,Vallecano,Cadiz,1.0,1.0,D,1622.78,1580.03,1.83,3.34,5.09
SP1,2024-03-02,Getafe,Las Palmas,3.0,3.0,D,1671.48,1647.68,2.05,3.18,4.15
SP1,2024-03-02,Valencia,Real Madrid,2.0,2.0,D,1690.3,1968.6,5.32,3.91,1.67
SP1,2024-03-03,Villarreal,Granada,5.0,1.0,H,1711.45,1561.36,1.65,4.21,4.99
SP1,2024-03-03,Ath Madrid,Betis,2.0,1.0,H,1855.31,1718.2,1.56,4.34,5.73
SP1,2024-03-03,Mallorca,Girona,1.0,0.0,H,1626.15,1784.44,3.23,3.3,2.3
SP1,2024-03-03,Ath Bilbao,Barcelona,0.0,0.0,D,1760.81,1859.21,2.86,3.54,2.42
SP1,2024-03-04,Osasuna,Alaves,1.0,0.0,H,1656.8,1619.78,2.39,3.08,3.27
SP1,2024-03-08,Barcelona,Mallorca,1.0,0.0,H,1859.21,1626.15,1.46,4.58,7.23
SP1,2024-03-09,Valencia,Getafe,1.0,0.0,H,1690.3,1671.48,2.0,3.18,4.38
SP1,2024-03-09,Cadiz,Ath Madrid,2.0,0.0,H,1580.03,1855.31,4.93,3.71,1.75
SP1,2024-03-09,Granada,Sociedad,2.0,3.0,A,1561.36,1776.71,4.43,3.44,1.89
SP1,2024-03-09,Girona,Osasuna,2.0,0.0,H,1784.44,1656.8,1.62,4.2,5.41
SP1,2024-03-10,Alaves,Vallecano,1.0,0.0,H,1619.78,1622.78,2.17,3.15,3.77
SP1,2024-03-10,Las Palmas,Ath Bilbao,0.0,2.0,A,1647.68,1760.81,3.97,3.37,2.01
SP1,2024-03-10,Real Madrid,Celta,4.0,0.0,H,1968.6,1629.83,1.3,5.94,9.62
SP1,2024-03-10,Betis,Villarreal,2.0,3.0,A,1718.2,1711.45,2.08,3.62,3.48
SP1,2024-03-11,Almeria,Sevilla,2.0,2.0,D,1543.59,1675.58,3.06,3.34,2.38
SP1,2024-03-15,Sociedad,Cadiz,2.0,0.0,H,1768.06,1602.15,1.48,4.03,8.4
SP1,2024-03-16,Mallorca,Granada,1.0,0.0,H,1634.44,1550.84,1.84,3.4,4.85
SP1,2024-03-16,Osasuna,Real Madrid,2.0,4.0,A,1657.4,1966.91,5.97,4.25,1.56
SP1,2024-03-16,Getafe,Girona,1.0,0.0,H,1663.53,1779.74,3.13,3.49,2.29
SP1,2024-03-16,Ath Bilbao,Alaves,2.0,0.0,H,1772.28,1620.99,1.55,3.97,6.69
SP1,2024-03-17,Sevilla,Celta,1.0,2.0,A,1682.98,1632.1,2.01,3.42,3.92
SP1,2024-03-17,Las Palmas,Almeria,0.0,1.0,A,1640.23,1541.54,1.91,3.59,4.1
SP1,2024-03-17,Villarreal,Valencia,1.0,0.0,H,1715.84,1701.24,2.1,3.46,3.56
SP1,2024-03-17,Vallecano,Betis,2.0,0.0,H,1613.56,1704.71,2.49,3.23,2.98
SP1,2024-03-17,Ath Madrid,Barcelona,0.0,3.0,A,1847.82,1871.15,2.39,3.63,2.84
SP1,2024-03-29,Cadiz,Granada,1.0,0.0,H,1602.15,1550.84,2.02,3.34,4.1
SP1,2024-03-30,Getafe,Sevilla,0.0,1.0,A,1663.53,1682.98,2.53,3.15,3.02
SP1,2024-03-30,Almeria,Osasuna,0.0,3.0,A,1541.54,1657.4,2.62,3.25,2.83
SP1,2024-03-30,Valencia,Mallorca,0.0,0.0,D,1701.24,1634.44,2.1,2.96,4.35
SP1,2024-03-30,Barcelona,Las Palmas,1.0,0.0,H,1871.15,1640.23,1.27,6.34,10.15
SP1,2024-03-31,Celta,Vallecano,0.0,0.0,D,1632.1,1613.56,1.96,3.39,4.16
SP1,2024-03-31,Girona,Betis,3.0,2.0,H,1779.74,1704.71,1.78,3.96,4.37
SP1,2024-03-31,Alaves,Sociedad,0.0,1.0,A,1620.99,1768.06,3.41,2.96,2.42
SP1,2024-03-31,Real Madrid,Ath Bilbao,2.0,0.0,H,1966.91,1772.28,1.55,4.29,5.87
SP1,2024-04-01,Villarreal,Ath Madrid,1.0,2.0,A,1721.35,1831.26,3.0,3.71,2.27
SP1,2024-04-04,Granada,Valencia,0.0,1.0,A,1541.9,1691.82,3.32,3.19,2.3
SP1,2024-04-12,Betis,Celta,2.0,1.0,H,1688.74,1640.73,2.06,3.47,3.71
SP1,2024-04-13,Ath Madrid,Girona,3.0,1.0,H,1831.26,1774.97,1.97,3.78,3.67
SP1,2024-04-13,Vallecano,Getafe,0.0,0.0,D,1628.22,1662.04,2.23,3.05,3.73
SP1,2024-04-13,Mallorca,Real Madrid,0.0,1.0,A,1642.52,1974.57,4.92,3.66,1.77
SP1,2024-04-13,Cadiz,Barcelona,0.0,1.0,A,1602.87,1889.34,4.33,3.57,1.88
SP1,2024-04-14,Las Palmas,Sevilla,0.0,2.0,A,1625.89,1681.91,2.74,3.18,2.75
SP1,2024-04-14,Granada,Alaves,2.0,0.0,H,1541.9,1610.24,3.1,3.1,2.51
SP1,2024-04-14,Ath Bilbao,Villarreal,1.0,1.0,D,1773.27,1721.35,1.77,3.97,4.4
SP1,2024-04-14,Sociedad,Almeria,2.0,2.0,D,1778.53,1540.87,1.33,5.2,9.97
SP1,2024-04-15,Osasuna,Valencia,0.0,1.0,A,1669.39,1701.17,2.22,3.1,3.65
SP1,2024-04-19,Ath Bilbao,Granada,1.0,1.0,D,1772.38,1549.81,1.28,5.86,11.69
SP1,2024-04-20,Celta,Las Palmas,4.0,1.0,H,1638.75,1616.28,1.76,3.71,4.9
SP1,2024-04-20,Vallecano,Osasuna,2.0,1.0,H,1629.79,1669.39,2.22,3.13,3.63
SP1,2024-04-20,Valencia,Betis,1.0,2.0,A,1701.17,1696.62,2.21,3.28,3.51
SP1,2024-04-20,Girona,Cadiz,4.0,1.0,H,1771.79,1602.47,1.42,4.81,7.59
SP1,2024-04-21,Getafe,Sociedad,1.0,1.0,D,1666.37,1774.23,3.8,3.1,2.18
SP1,2024-04-21,Almeria,Villarreal,1.0,2.0,A,1551.07,1720.9,3.4,3.75,2.06
SP1,2024-04-21,Alaves,Ath Madrid,2.0,0.0,H,1601.83,1850.98,4.08,3.43,1.97
SP1,2024-04-21,Real Madrid,Barcelona,3.0,2.0,H,1978.81,1903.1,1.87,3.96,3.89
SP1,2024-04-22,Sevilla,Mallorca,2.0,1.0,H,1697.42,1642.68,1.98,3.14,4.52
SP1,2024-04-26,Sociedad,Real Madrid,0.0,1.0,A,1774.23,1978.81,2.5,3.2,3.03
SP1,2024-04-27,Las Palmas,Girona,0.0,2.0,A,1616.28,1771.79,4.36,3.94,1.78
SP1,2024-04-27,Almeria,Getafe,1.0,3.0,A,1551.07,1666.37,2.72,3.31,2.66
SP1,2024-04-27,Alaves,Celta,3.0,0.0,H,1601.83,1638.75,2.66,3.1,2.9
SP1,2024-04-27,Ath Madrid,Ath Bilbao,3.0,1.0,H,1850.98,1772.38,1.98,3.54,3.9
SP1,2024-04-28,Cadiz,Mallorca,1.0,1.0,D,1602.47,1642.68,2.6,2.86,3.22
SP1,2024-04-28,Granada,Osasuna,3.0,0.0,H,1549.81,1669.39,2.6,3.13,2.93
SP1,2024-04-28,Villarreal,Vallecano,3.0,0.0,H,1720.9,1629.79,1.73,3.91,4.74
SP1,2024-04-28,Betis,Sevilla,1.0,1.0,D,1696.62,1697.42,2.08,3.39,3.7
SP1,2024-04-29,Barcelona,Valencia,4.0,2.0,H,1903.1,1701.17,1.36,5.26,8.27
SP1,2024-05-03,Getafe,Ath Bilbao,0.0,2.0,A,1668.64,1750.22,3.93,3.24,2.07
SP1,2024-05-04,Sociedad,Las Palmas,2.0,0.0,H,1760.09,1589.94,1.35,4.99,9.5
SP1,2024-05-04,Real Madrid,Cadiz,3.0,0.0,H,1986.39,1588.0,1.34,5.33,8.92
SP1,2024-05-04,Girona,Barcelona,4.0,2.0,H,1776.2,1872.42,2.73,3.81,2.41
SP1,2024-05-04,Mallorca,Ath Madrid,0.0,1.0,A,1630.52,1819.44,3.75,3.2,2.15
SP1,2024-05-05,Osasuna,Betis,0.0,2.0,A,1629.83,1696.41,3.16,3.27,2.36
SP1,2024-05-05,Celta,Villarreal,3.0,2.0,H,1628.07,1724.85,2.37,3.64,2.87
SP1,2024-05-05,Valencia,Alaves,0.0,1.0,A,1687.71,1622.49,2.13,3.0,4.13
SP1,2024-05-05,Sevilla,Granada,3.0,0.0,H,1696.19,1563.02,1.65,4.07,5.18
SP1,2024-05-05,Vallecano,Almeria,0.0,1.0,A,1621.23,1527.05,1.58,4.15,5.8
SP1,2024-05-10,Alaves,Girona,2.0,2.0,D,1622.49,1776.2,3.48,3.57,2.11
SP1,2024-05-11,Mallorca,Las Palmas,1.0,0.0,H,1630.52,1589.94,1.66,3.46,6.65
SP1,2024-05-11,Villarreal,Sevilla,3.0,2.0,H,1724.85,1696.19,1.87,3.94,3.9
SP1,2024-05-11,Granada,Real Madrid,0.0,4.0,A,1563.02,1986.39,5.8,4.57,1.53
SP1,2024-05-11,Ath Bilbao,Osasuna,2.0,2.0,D,1750.22,1629.83,1.47,4.38,7.53
SP1,2024-05-12,Cadiz,Getafe,1.0,0.0,H,1588.0,1668.64,2.11,3.21,3.86
SP1,2024-05-12,Ath Madrid,Celta,1.0,0.0,H,1819.44,1628.07,1.44,4.64,7.42
SP1,2024-05-12,Valencia,Vallecano,0.0,0.0,D,1687.71,1621.23,2.28,3.08,3.55
SP1,2024-05-12,Betis,Almeria,3.0,2.0,H,1696.41,1527.05,1.35,5.39,8.26
SP1,2024-05-13,Barcelona,Sociedad,2.0,0.0,H,1872.42,1760.09,1.82,3.72,4.35
SP1,2024-05-14,Osasuna,Mallorca,1.0,1.0,D,1629.83,1630.52,2.81,2.92,2.91
SP1,2024-05-14,Real Madrid,Alaves,5.0,0.0,H,1986.39,1622.49,1.21,7.03,14.07
SP1,2024-05-14,Girona,Villarreal,0.0,1.0,A,1776.2,1724.85,1.7,4.53,4.31
SP1,2024-05-15,Sevilla,Cadiz,0.0,1.0,A,1698.05,1596.61,1.91,3.61,4.12
SP1,2024-05-15,Vallecano,Granada,2.0,1.0,H,1614.53,1556.27,1.67,3.77,5.54
SP1,2024-05-15,Celta,Ath Bilbao,2.0,1.0,H,1635.81,1757.98,2.61,3.37,2.74
SP1,2024-05-15,Getafe,Ath Madrid,0.0,3.0,A,1650.86,1829.1,4.7,3.54,1.82
SP1,2024-05-16,Las Palmas,Betis,2.0,2.0,D,1582.27,1713.04,4.04,3.57,1.94
SP1,2024-05-16,Almeria,Barcelona,0.0,2.0,A,1538.49,1868.13,6.62,5.32,1.42
SP1,2024-05-16,Sociedad,Valencia,1.0,0.0,H,1760.33,1673.65,1.65,3.76,5.85
SP1,2024-05-18,Alaves,Getafe,1.0,0.0,H,1636.37,1650.86,2.07,3.19,4.04
SP1,2024-05-19,Ath Bilbao,Sevilla,2.0,0.0,H,1757.98,1698.05,1.73,3.84,4.81
SP1,2024-05-19,Ath Madrid,Osasuna,1.0,4.0,A,1829.1,1623.23,1.4,4.91,7.75
SP1,2024-05-19,Barcelona,Vallecano,3.0,0.0,H,1868.13,1614.53,1.27,6.12,10.63
SP1,2024-05-19,Betis,Sociedad,0.0,2.0,A,1713.04,1760.33,2.61,3.14,2.92
SP1,2024-05-19,Cadiz,Las Palmas,0.0,0.0,D,1596.61,1582.27,1.84,3.47,4.64
SP1,2024-05-19,Granada,Celta,1.0,2.0,A,1556.27,1635.81,3.62,3.61,2.04
SP1,2024-05-19,Mallorca,Almeria,2.0,2.0,D,1634.44,1538.49,1.51,4.18,6.92
SP1,2024-05-19,Valencia,Girona,1.0,3.0,A,1673.65,1776.28,2.92,3.62,2.35
SP1,2024-05-19,Villarreal,Real Madrid,4.0,4.0,D,1735.29,2000.46,3.24,3.93,2.07
SP1,2024-05-24,Girona,Granada,7.0,0.0,H,1776.28,1556.27,1.22,7.13,11.24
SP1,2024-05-25,Osasuna,Villarreal,1.0,1.0,D,1623.23,1735.29,2.9,3.72,2.3
SP1,2024-05-25,Sociedad,Ath Madrid,0.0,2.0,A,1760.33,1829.1,2.4,3.45,2.93
SP1,2024-05-25,Almeria,Cadiz,6.0,1.0,H,1538.49,1596.61,2.1,3.59,3.43
SP1,2024-05-25,Vallecano,Ath Bilbao,0.0,1.0,A,1614.53,1757.98,2.88,3.51,2.41
SP1,2024-05-25,Real Madrid,Betis,0.0,0.0,D,2000.46,1713.04,1.37,5.56,7.31
SP1,2024-05-26,Getafe,Mallorca,1.0,2.0,A,1650.86,1634.44,2.33,3.22,3.25
SP1,2024-05-26,Celta,Valencia,2.0,2.0,D,1635.81,1673.65,1.96,3.55,3.89
SP1,2024-05-26,Las Palmas,Alaves,1.0,1.0,D,1582.27,1636.37,2.47,3.34,2.91
SP1,2024-05-26,Sevilla,Barcelona,1.0,2.0,A,1698.05,1868.13,3.89,4.11,1.83
SP1,2024-08-15,Ath Bilbao,Getafe,1.0,1.0,D,1764.15,1626.93,1.51,4.04,7.61
SP1,2024-08-15,Betis,Girona,1.0,1.0,D,1709.26,1793.73,2.4,3.38,3.02
SP1,2024-08-16,Celta,Alaves,2.0,1.0,H,1653.13,1645.67,2.03,3.32,4.02
SP1,2024-08-16,Las Palmas,Sevilla,2.0,2.0,D,1588.57,1676.25,2.83,3.21,2.65
SP1,2024-08-17,Osasuna,Leganes,1.0,1.0,D,1651.6,1566.74,1.88,3.44,4.48
SP1,2024-08-17,Valencia,Barcelona,1.0,2.0,A,1663.42,1882.09,4.76,3.87,1.74
SP1,2024-08-18,Sociedad,Vallecano,1.0,2.0,A,1766.56,1612.18,1.59,3.74,6.63
SP1,2024-08-18,Mallorca,Real Madrid,1.0,1.0,D,1642.41,1997.41,7.33,4.34,1.47
SP1,2024-08-19,Valladolid,Espanol,1.0,0.0,H,1593.78,1600.12,2.36,3.1,3.34
SP1,2024-08-19,Villarreal,Ath Madrid,2.0,2.0,D,1742.1,1828.52,3.33,3.67,2.12
SP1,2024-08-23,Celta,Valencia,3.0,1.0,H,1653.13,1663.42,2.12,3.35,3.65
SP1,2024-08-23,Sevilla,Villarreal,1.0,2.0,A,1676.25,1742.1,2.4,3.55,2.88
SP1,2024-08-24,Osasuna,Mallorca,1.0,0.0,H,1651.6,1642.41,2.47,3.01,3.22
SP1,2024-08-24,Barcelona,Ath Bilbao,2.0,1.0,H,1882.09,1764.15,1.64,4.18,5.05
SP1,2024-08-24,Espanol,Sociedad,0.0,1.0,A,1600.12,1766.56,4.0,3.13,2.1
SP1,2024-08-24,Getafe,Vallecano,0.0,0.0,D,1626.93,1612.18,2.5,2.93,3.27
SP1,2024-08-25,Real Madrid,Valladolid,3.0,0.0,H,1997.41,1593.78,1.17,7.96,15.17
SP1,2024-08-25,Leganes,Las Palmas,2.0,1.0,H,1566.74,1588.57,2.29,2.99,3.64
SP1,2024-08-25,Alaves,Betis,0.0,0.0,D,1645.67,1709.26,2.4,3.12,3.21
SP1,2024-08-25,Ath Madrid,Girona,3.0,0.0,H,1828.52,1793.73,1.6,4.27,5.31
SP1,2024-08-26,Villarreal,Celta,4.0,3.0,H,1742.1,1653.13,1.96,3.56,3.82
SP1,2024-08-27,Mallorca,Sevilla,0.0,0.0,D,1642.41,1676.25,2.41,3.11,3.26
SP1,2024-08-27,Vallecano,Barcelona,1.0,2.0,A,1612.18,1882.09,5.33,3.95,1.66
SP1,2024-08-28,Ath Bilbao,Valencia,1.0,0.0,H,1764.15,1663.42,1.62,3.89,5.91
SP1,2024-08-28,Valladolid,Leganes,0.0,0.0,D,1593.78,1566.74,2.32,3.01,3.58
SP1,2024-08-28,Ath Madrid,Espanol,0.0,0.0,D,1828.52,1600.12,1.3,5.42,11.24
SP1,2024-08-28,Sociedad,Alaves,1.0,2.0,A,1766.56,1645.67,1.71,3.57,5.64
SP1,2024-08-29,Girona,Osasuna,4.0,0.0,H,1793.73,1651.6,1.73,3.94,4.53
SP1,2024-08-29,Las Palmas,Real Madrid,1.0,1.0,D,1588.57,1997.41,8.01,5.09,1.38
SP1,2024-08-31,Barcelona,Valladolid,7.0,0.0,H,1882.09,1593.78,1.25,6.45,11.72
SP1,2024-08-31,Ath Bilbao,Ath Madrid,0.0,1.0,A,1764.15,1828.52,3.01,3.34,2.43
SP1,2024-08-31,Espanol,Vallecano,2.0,1.0,H,1600.12,1612.18,2.78,3.03,2.84
SP1,2024-08-31,Leganes,Mallorca,0.0,1.0,A,1566.74,1642.41,2.56,2.9,3.27
SP1,2024-08-31,Valencia,Villarreal,1.0,1.0,D,1663.42,1742.1,2.84,3.45,2.49
SP1,2024-09-01,Alaves,Las Palmas,2.0,0.0,H,1653.25,1590.29,1.96,3.35,4.25
SP1,2024-09-01,Osasuna,Celta,3.0,2.0,H,1647.64,1664.78,2.46,3.31,2.99
SP1,2024-09-01,Sevilla,Girona,0.0,2.0,A,1669.58,1791.71,2.37,3.73,2.82
SP1,2024-09-01,Getafe,Sociedad,0.0,0.0,D,1630.79,1746.36,3.52,2.87,2.43
SP1,2024-09-01,Real Madrid,Betis,2.0,0.0,H,1985.12,1711.92,1.29,5.91,10.17
SP1,2024-09-13,Betis,Leganes,2.0,0.0,H,1711.92,1572.48,1.65,3.72,6.06
SP1,2024-09-14,Mallorca,Villarreal,1.0,2.0,A,1650.5,1754.23,2.5,3.27,2.96
SP1,2024-09-14,Espanol,Alaves,3.0,2.0,H,1602.75,1653.25,2.72,3.07,2.87
SP1,2024-09-14,Sevilla,Getafe,1.0,0.0,H,1669.58,1630.79,2.24,3.09,3.66
SP1,2024-09-14,Sociedad,Real Madrid,0.0,2.0,A,1746.36,1985.12,5.07,3.87,1.7
SP1,2024-09-15,Celta,Valladolid,3.0,1.0,H,1658.02,1593.14,1.68,3.97,5.06
SP1,2024-09-15,Girona,Barcelona,1.0,4.0,A,1800.78,1898.2,4.05,3.97,1.84
SP1,2024-09-15,Las Palmas,Ath Bilbao,2.0,3.0,A,1583.02,1751.97,3.8,3.43,2.04
SP1,2024-09-15,Ath Madrid,Valencia,3.0,0.0,H,1838.46,1647.69,1.35,4.98,9.83
SP1,2024-09-16,Vallecano,Osasuna,3.0,1.0,H,1617.52,1654.4,2.1,3.17,3.95
SP1,2024-09-17,Mallorca,Sociedad,1.0,0.0,H,1643.5,1739.32,2.88,2.81,2.93
SP1,2024-09-18,Betis,Getafe,2.0,1.0,H,1714.65,1626.44,1.98,3.08,4.64
SP1,2024-09-19,Leganes,Ath Bilbao,0.0,2.0,A,1567.33,1751.97,4.03,3.17,2.07
SP1,2024-09-20,Alaves,Sevilla,2.0,1.0,H,1652.46,1666.33,2.18,3.26,3.63
SP1,2024-09-21,Valladolid,Sociedad,0.0,0.0,D,1593.14,1739.32,3.79,3.07,2.19
SP1,2024-09-21,Osasuna,Las Palmas,2.0,1.0,H,1654.4,1583.02,1.92,3.44,4.33
SP1,2024-09-21,Valencia,Girona,2.0,0.0,H,1647.69,1800.78,2.89,3.35,2.51
SP1,2024-09-21,Real Madrid,Espanol,4.0,1.0,H,1993.12,1610.8,1.16,8.07,16.79
SP1,2024-09-22,Getafe,Leganes,1.0,1.0,D,1626.44,1567.33,2.05,2.88,4.77
SP1,2024-09-22,Ath Bilbao,Celta,3.0,1.0,H,1751.97,1658.02,1.71,3.96,4.83
SP1,2024-09-22,Villarreal,Barcelona,1.0,5.0,A,1761.23,1898.2,3.74,4.09,1.87
SP1,2024-09-22,Vallecano,Ath Madrid,1.0,1.0,D,1617.52,1838.46,4.79,3.52,1.81
SP1,2024-09-23,Betis,Mallorca,1.0,2.0,A,1714.65,1643.5,1.89,3.29,4.73
SP1,2024-09-24,Sevilla,Valladolid,2.0,1.0,H,1666.33,1593.14,1.68,3.83,5.45
SP1,2024-09-24,Valencia,Osasuna,0.0,0.0,D,1647.69,1654.4,2.08,3.16,4.08
SP1,2024-09-24,Real Madrid,Alaves,3.0,2.0,H,1993.12,1652.46,1.19,7.37,16.0
SP1,2024-09-25,Girona,Vallecano,0.0,0.0,D,1800.78,1617.52,1.76,3.81,4.66
SP1,2024-09-25,Barcelona,Getafe,1.0,0.0,H,1898.2,1626.44,1.23,6.47,12.83
SP1,2024-09-26,Espanol,Villarreal,1.0,2.0,A,1610.8,1761.23,3.38,3.46,2.18
SP1,2024-09-26,Las Palmas,Betis,1.0,1.0,D,1583.02,1714.65,3.09,3.25,2.41
SP1,2024-09-26,Celta,Ath Madrid,0.0,1.0,A,1658.02,1838.46,3.82,3.74,1.94
SP1,2024-09-27,Valladolid,Mallorca,1.0,2.0,A,1593.14,1643.5,3.03,2.9,2.72
SP1,2024-09-28,Getafe,Alaves,2.0,0.0,H,1626.44,1652.46,2.63,2.8,3.27
SP1,2024-09-28,Vallecano,Leganes,1.0,1.0,D,1617.52,1567.33,1.94,3.14,4.79
SP1,2024-09-28,Sociedad,Valencia,3.0,0.0,H,1739.32,1647.69,1.91,3.29,4.62
SP1,2024-09-28,Osasuna,Barcelona,4.0,2.0,H,1654.4,1898.2,6.38,4.76,1.47
SP1,2024-09-29,Celta,Girona,1.0,1.0,D,1658.02,1800.78,2.16,3.65,3.26
SP1,2024-09-29,Ath Bilbao,Sevilla,1.0,1.0,D,1751.97,1666.33,1.72,3.83,4.9
SP1,2024-09-29,Betis,Espanol,1.0,0.0,H,1714.65,1610.8,1.67,3.77,5.58
SP1,2024-09-29,Ath Madrid,Real Madrid,1.0,1.0,D,1838.46,1993.12,2.79,3.44,2.52
SP1,2024-09-30,Villarreal,Las Palmas,3.0,1.0,H,1761.23,1583.02,1.48,4.71,6.37
SP1,2024-10-04,Leganes,Valencia,0.0,0.0,D,1568.01,1647.25,3.0,2.82,2.83
SP1,2024-10-05,Espanol,Mallorca,2.0,1.0,H,1599.78,1672.87,3.2,2.92,2.58
SP1,2024-10-05,Getafe,Osasuna,1.0,1.0,D,1628.44,1669.75,2.23,2.95,3.87
SP1,2024-10-05,Las Palmas,Celta,0.0,1.0,A,1571.31,1656.22,3.12,3.58,2.26
SP1,2024-10-05,Valladolid,Vallecano,1.0,2.0,A,1576.43,1634.32,3.13,3.01,2.56
SP1,2024-10-05,Real Madrid,Villarreal,2.0,0.0,H,1997.27,1759.89,1.27,6.6,9.69
SP1,2024-10-06,Girona,Ath Bilbao,2.0,1.0,H,1765.16,1769.74,2.42,3.27,3.1
SP1,2024-10-06,Alaves,Barcelona,0.0,3.0,A,1647.8,1896.72,5.5,4.4,1.57
SP1,2024-10-06,Sevilla,Betis,1.0,0.0,H,1669.51,1710.26,2.52,3.21,2.97
SP1,2024-10-06,Sociedad,Ath Madrid,1.0,1.0,D,1738.61,1853.03,3.31,3.16,2.35
SP1,2024-10-18,Alaves,Valladolid,2.0,3.0,A,1622.62,1549.21,1.65,3.82,5.82
SP1,2024-10-19,Ath Bilbao,Espanol,4.0,1.0,H,1748.34,1589.51,1.46,4.32,7.98
SP1,2024-10-19,Osasuna,Betis,1.0,2.0,A,1651.79,1672.89,2.58,3.3,2.83
SP1,2024-10-19,Girona,Sociedad,0.0,1.0,A,1742.21,1708.14,2.51,3.29,2.93
SP1,2024-10-19,Celta,Real Madrid,1.0,2.0,A,1645.13,1969.73,5.24,4.37,1.61
SP1,2024-10-20,Mallorca,Vallecano,1.0,0.0,H,1645.75,1624.15,2.1,3.07,4.08
SP1,2024-10-20,Ath Madrid,Leganes,3.0,1.0,H,1817.35,1549.71,1.33,4.96,10.5
SP1,2024-10-20,Villarreal,Getafe,1.0,1.0,D,1738.25,1609.01,1.73,3.77,4.9
SP1,2024-10-20,Barcelona,Sevilla,5.0,1.0,H,1886.44,1658.0,1.31,5.81,8.96
SP1,2024-10-21,Valencia,Las Palmas,2.0,3.0,A,1628.17,1545.02,1.65,3.71,5.85
SP1,2024-10-25,Espanol,Sevilla,0.0,2.0,A,1589.51,1658.0,3.17,3.21,2.42
SP1,2024-10-26,Valladolid,Villarreal,1.0,2.0,A,1549.21,1738.25,3.61,3.68,2.02
SP1,2024-10-26,Vallecano,Alaves,1.0,0.0,H,1624.15,1622.62,2.26,3.09,3.6
SP1,2024-10-26,Las Palmas,Girona,1.0,0.0,H,1545.02,1742.21,2.87,3.42,2.49
SP1,2024-10-26,Real Madrid,Barcelona,0.0,4.0,A,1969.73,1886.44,2.04,4.04,3.29
SP1,2024-10-27,Leganes,Celta,3.0,0.0,H,1549.71,1645.13,3.28,3.18,2.36
SP1,2024-10-27,Getafe,Valencia,1.0,1.0,D,1609.01,1628.17,2.19,2.93,4.02
SP1,2024-10-27,Betis,Ath Madrid,1.0,0.0,H,1672.89,1817.35,3.19,3.22,2.37
SP1,2024-10-27,Sociedad,Osasuna,0.0,2.0,A,1708.14,1651.79,1.79,3.63,4.69
SP1,2024-10-28,Mallorca,Ath Bilbao,0.0,0.0,D,1645.75,1748.34,3.0,2.98,2.64
SP1,2024-11-01,Alaves,Mallorca,1.0,0.0,H,1608.19,1656.79,2.38,2.97,3.5
SP1,2024-11-02,Osasuna,Valladolid,1.0,0.0,H,1663.24,1559.5,1.63,3.79,6.02
SP1,2024-11-02,Girona,Leganes,4.0,3.0,H,1726.14,1566.62,1.71,3.64,5.43
SP1,2024-11-03,Ath Madrid,Las Palmas,2.0,0.0,H,1798.29,1571.82,1.27,5.92,11.1
SP1,2024-11-03,Barcelona,Espanol,3.0,1.0,H,1928.33,1576.46,1.12,10.76,17.94
SP1,2024-11-03,Sevilla,Sociedad,0.0,2.0,A,1668.84,1711.9,2.94,3.05,2.64
SP1,2024-11-03,Ath Bilbao,Betis,1.0,1.0,D,1762.63,1691.17,1.93,3.5,4.09
SP1,2024-11-04,Celta,Getafe,1.0,0.0,H,1630.65,1616.04,1.96,3.27,4.36
SP1,2024-11-08,Vallecano,Las Palmas,1.0,3.0,A,1628.26,1571.82,1.88,3.43,4.56
SP1,2024-11-09,Real Madrid,Osasuna,4.0,0.0,H,1959.42,1663.24,1.19,7.32,13.91
SP1,2024-11-09,Villarreal,Alaves,3.0,0.0,H,1742.2,1608.19,1.63,4.14,5.27
SP1,2024-11-09,Leganes,Sevilla,1.0,0.0,H,1566.62,1668.84,2.92,3.06,2.66
SP1,2024-11-10,Betis,Celta,2.0,2.0,D,1691.17,1630.65,2.0,3.54,3.77
SP1,2024-11-10,Mallorca,Ath Madrid,0.0,1.0,A,1656.79,1798.29,3.74,3.02,2.24
SP1,2024-11-10,Getafe,Girona,0.0,1.0,A,1616.04,1726.14,2.46,3.1,3.15
SP1,2024-11-10,Valladolid,Ath Bilbao,1.0,1.0,D,1559.5,1762.63,4.53,3.42,1.87
SP1,2024-11-10,Sociedad,Barcelona,1.0,0.0,H,1711.9,1928.33,4.75,4.1,1.68
SP1,2024-11-22,Getafe,Valladolid,2.0,0.0,H,1598.56,1554.8,1.67,3.44,6.48
SP1,2024-11-23,Valencia,Betis,4.0,2.0,H,1617.15,1688.11,2.97,3.06,2.63
SP1,2024-11-23,Ath Madrid,Alaves,2.0,1.0,H,1815.53,1605.19,1.36,4.86,9.9
SP1,2024-11-23,Girona,Espanol,4.0,1.0,H,1723.7,1570.5,1.67,3.91,5.3
SP1,2024-11-23,Las Palmas,Mallorca,2.0,3.0,A,1580.35,1638.8,2.96,2.94,2.72
SP1,2024-11-23,Celta,Barcelona,2.0,2.0,D,1635.69,1917.28,4.58,4.44,1.67
SP1,2024-11-24,Osasuna,Villarreal,2.0,2.0,D,1659.44,1744.04,2.59,3.45,2.7
SP1,2024-11-24,Sevilla,Vallecano,1.0,0.0,H,1642.85,1607.61,2.32,3.23,3.28
SP1,2024-11-24,Leganes,Real Madrid,0.0,3.0,A,1568.09,1939.57,8.26,4.66,1.4
SP1,2024-11-24,Ath Bilbao,Sociedad,1.0,0.0,H,1754.71,1722.39,2.25,3.04,3.65
SP1,2024-11-29,Mallorca,Valencia,2.0,1.0,H,1638.8,1617.15,2.04,2.94,4.67
SP1,2024-11-30,Barcelona,Las Palmas,1.0,2.0,A,1917.28,1580.35,1.16,8.92,14.85
SP1,2024-11-30,Alaves,Leganes,1.0,1.0,D,1605.19,1568.09,1.83,3.27,5.19
SP1,2024-11-30,Espanol,Celta,3.0,1.0,H,1570.5,1635.69,3.31,3.33,2.26
SP1,2024-11-30,Valladolid,Ath Madrid,0.0,5.0,A,1554.8,1815.53,6.33,4.07,1.56
SP1,2024-12-01,Villarreal,Girona,2.0,2.0,D,1743.51,1719.58,1.86,3.84,4.0
SP1,2024-12-01,Real Madrid,Getafe,2.0,0.0,H,1935.72,1606.24,1.36,4.75,9.5
SP1,2024-12-01,Vallecano,Ath Bilbao,1.0,2.0,A,1601.98,1762.86,2.84,3.08,2.69
SP1,2024-12-01,Sociedad,Betis,2.0,0.0,H,1724.72,1663.83,1.79,3.58,4.78
SP1,2024-12-02,Sevilla,Osasuna,1.0,1.0,D,1648.34,1659.82,2.14,3.36,3.52
SP1,2024-12-03,Mallorca,Barcelona,1.0,5.0,A,1653.26,1898.79,6.11,4.38,1.53
SP1,2024-12-04,Ath Bilbao,Real Madrid,2.0,1.0,H,1762.86,1935.72,3.14,3.5,2.28
SP1,2024-12-06,Celta,Mallorca,2.0,0.0,H,1629.54,1653.26,1.89,3.36,4.62
SP1,2024-12-07,Las Palmas,Valladolid,2.0,1.0,H,1588.17,1539.69,1.8,3.65,4.64
SP1,2024-12-07,Betis,Barcelona,2.0,2.0,D,1663.83,1898.79,5.11,4.5,1.6
SP1,2024-12-07,Valencia,Vallecano,0.0,1.0,A,1622.93,1601.98,2.25,2.98,3.81
SP1,2024-12-07,Girona,Real Madrid,0.0,3.0,A,1719.58,1935.72,4.56,4.01,1.73
SP1,2024-12-08,Leganes,Sociedad,0.0,3.0,A,1567.47,1724.72,4.61,3.15,1.94
SP1,2024-12-08,Ath Bilbao,Villarreal,2.0,0.0,H,1762.86,1743.51,1.96,3.7,3.72
SP1,2024-12-08,Osasuna,Alaves,2.0,2.0,D,1659.82,1599.68,2.08,3.35,3.72
SP1,2024-12-08,Ath Madrid,Sevilla,4.0,3.0,H,1839.81,1648.34,1.38,4.84,8.57
SP1,2024-12-09,Getafe,Espanol,1.0,0.0,H,1606.24,1576.64,1.8,3.17,5.61
SP1,2024-12-13,Valladolid,Valencia,1.0,0.0,H,1539.69,1622.93,3.23,3.05,2.44
SP1,2024-12-14,Espanol,Osasuna,0.0,0.0,D,1576.64,1659.82,2.82,3.14,2.66
SP1,2024-12-14,Mallorca,Girona,2.0,1.0,H,1653.26,1719.58,2.36,3.05,3.37
SP1,2024-12-14,Sevilla,Celta,1.0,0.0,H,1648.34,1629.54,2.27,3.31,3.28
SP1,2024-12-14,Vallecano,Real Madrid,3.0,3.0,D,1601.98,1935.72,5.79,4.01,1.6
SP1,2024-12-15,Ath Madrid,Getafe,1.0,0.0,H,1852.69,1619.7,1.4,4.3,9.61
SP1,2024-12-15,Alaves,Ath Bilbao,1.0,1.0,D,1612.84,1806.92,3.66,3.15,2.17
SP1,2024-12-15,Sociedad,Las Palmas,0.0,0.0,D,1754.71,1602.91,1.42,4.31,8.55
SP1,2024-12-15,Villarreal,Betis,1.0,2.0,A,1743.04,1672.09,1.79,3.89,4.3
SP1,2024-12-15,Barcelona,Leganes,0.0,1.0,A,1919.52,1566.76,1.13,8.85,18.38
SP1,2024-12-18,Espanol,Valencia,1.0,1.0,D,1580.83,1613.3,2.65,2.95,3.02
SP1,2024-12-18,Villarreal,Vallecano,1.0,1.0,D,1743.04,1622.94,1.83,3.65,4.4
SP1,2024-12-20,Girona,Valladolid,3.0,0.0,H,1712.1,1552.28,1.39,4.83,8.26
SP1,2024-12-21,Getafe,Mallorca,0.0,1.0,A,1619.7,1653.62,2.31,2.76,3.93
SP1,2024-12-21,Celta,Sociedad,2.0,0.0,H,1642.53,1754.71,2.92,3.11,2.6
SP1,2024-12-21,Osasuna,Ath Bilbao,1.0,2.0,A,1666.92,1806.92,3.76,3.2,2.12
SP1,2024-12-21,Barcelona,Ath Madrid,1.0,2.0,A,1919.52,1852.69,1.89,3.88,3.85
SP1,2024-12-22,Valencia,Alaves,2.0,2.0,D,1613.3,1612.84,2.28,3.04,3.52
SP1,2024-12-22,Real Madrid,Sevilla,4.0,2.0,H,1947.47,1659.71,1.34,5.53,8.21
SP1,2024-12-22,Las Palmas,Espanol,1.0,0.0,H,1602.91,1580.83,1.84,3.54,4.45
SP1,2024-12-22,Leganes,Villarreal,2.0,5.0,A,1566.76,1743.04,4.1,3.47,1.94
SP1,2024-12-22,Betis,Vallecano,1.0,1.0,D,1672.09,1622.94,1.8,3.54,4.69
SP1,2025-01-03,Valencia,Real Madrid,1.0,2.0,A,1612.66,1949.76,7.11,4.67,1.44
SP1,2025-01-10,Vallecano,Celta,2.0,1.0,H,1631.43,1655.65,2.81,3.07,2.74
SP1,2025-01-11,Alaves,Girona,0.0,1.0,A,1618.26,1717.32,2.77,3.13,2.7
SP1,2025-01-11,Valladolid,Betis,1.0,0.0,H,1547.42,1681.0,4.48,3.47,1.85
SP1,2025-01-11,Espanol,Leganes,1.0,1.0,D,1574.24,1572.94,2.09,3.03,4.07
SP1,2025-01-11,Sevilla,Valencia,1.0,1.0,D,1657.78,1612.66,2.0,3.42,3.85
SP1,2025-01-12,Las Palmas,Getafe,1.0,2.0,A,1614.47,1608.53,2.49,2.93,3.24
SP1,2025-01-12,Ath Madrid,Osasuna,1.0,0.0,H,1865.87,1660.64,1.31,5.3,10.29
SP1,2025-01-13,Sociedad,Villarreal,1.0,0.0,H,1736.19,1737.39,1.94,3.48,4.0
SP1,2025-01-17,Espanol,Valladolid,2.0,1.0,H,1572.29,1557.23,1.81,3.36,5.12
SP1,2025-01-18,Girona,Sevilla,1.0,2.0,A,1724.5,1654.59,1.94,3.55,3.96
SP1,2025-01-18,Leganes,Ath Madrid,1.0,0.0,H,1574.89,1868.26,7.03,4.15,1.5
SP1,2025-01-18,Betis,Alaves,1.0,3.0,A,1671.19,1611.09,1.75,3.68,4.81
SP1,2025-01-18,Getafe,Barcelona,1.0,1.0,D,1618.7,1892.09,6.51,4.35,1.5
SP1,2025-01-19,Celta,Ath Bilbao,1.0,2.0,A,1648.69,1810.31,2.83,3.14,2.64
SP1,2025-01-19,Real Madrid,Las Palmas,4.0,1.0,H,1952.22,1604.31,1.15,8.44,16.41
SP1,2025-01-19,Osasuna,Vallecano,1.0,1.0,D,1658.25,1638.39,2.18,3.11,3.68
SP1,2025-01-19,Valencia,Sociedad,1.0,0.0,H,1613.39,1742.6,3.1,3.05,2.51
SP1,2025-01-20,Villarreal,Mallorca,4.0,0.0,H,1730.98,1663.13,1.73,3.68,5.04
SP1,2025-01-24,Las Palmas,Osasuna,1.0,1.0,D,1604.31,1658.25,2.52,3.13,3.04
SP1,2025-01-25,Mallorca,Betis,0.0,1.0,A,1663.13,1671.19,2.3,3.05,3.48
SP1,2025-01-25,Ath Madrid,Villarreal,1.0,1.0,D,1868.26,1730.98,1.7,4.09,4.61
SP1,2025-01-25,Sevilla,Espanol,1.0,1.0,D,1654.59,1572.29,1.71,3.75,5.06
SP1,2025-01-25,Valladolid,Real Madrid,0.0,3.0,A,1557.23,1952.22,10.64,6.31,1.25
SP1,2025-01-26,Vallecano,Girona,2.0,1.0,H,1638.39,1724.5,2.72,3.06,2.82
SP1,2025-01-26,Sociedad,Getafe,0.0,3.0,A,1742.6,1618.7,1.76,3.21,5.81
SP1,2025-01-26,Ath Bilbao,Leganes,0.0,0.0,D,1810.31,1574.89,1.38,4.67,9.14
SP1,2025-01-26,Barcelona,Valencia,7.0,1.0,H,1892.09,1613.39,1.2,7.06,12.73
SP1,2025-01-27,Alaves,Celta,1.0,1.0,D,1611.09,1648.69,2.66,3.1,2.85
SP1,2025-01-31,Leganes,Vallecano,0.0,1.0,A,1574.89,1638.39,3.23,2.99,2.48
SP1,2025-02-01,Getafe,Sevilla,0.0,0.0,D,1645.16,1661.23,2.49,2.92,3.3
SP1,2025-02-01,Villarreal,Valladolid,5.0,1.0,H,1744.88,1547.72,1.23,6.59,11.97
SP1,2025-02-01,Ath Madrid,Mallorca,2.0,0.0,H,1862.33,1643.06,1.41,4.34,8.9
SP1,2025-02-01,Espanol,Real Madrid,1.0,0.0,H,1581.92,1964.78,9.57,5.49,1.31
SP1,2025-02-02,Barcelona,Alaves,1.0,0.0,H,1895.48,1625.39,1.19,7.52,13.89
SP1,2025-02-02,Valencia,Celta,2.0,1.0,H,1618.52,1643.84,2.37,3.13,3.24
SP1,2025-02-02,Osasuna,Sociedad,2.0,1.0,H,1655.6,1709.68,3.02,2.97,2.6
SP1,2025-02-02,Betis,Ath Bilbao,2.0,2.0,D,1664.28,1788.0,2.98,3.26,2.46
SP1,2025-02-03,Girona,Las Palmas,2.0,1.0,H,1697.2,1601.49,1.62,4.1,5.29
SP1,2025-02-07,Vallecano,Valladolid,1.0,0.0,H,1657.09,1547.72,1.49,4.25,7.3
SP1,2025-02-08,Celta,Betis,3.0,2.0,H,1643.84,1664.28,2.31,3.35,3.16
SP1,2025-02-08,Ath Bilbao,Girona,3.0,0.0,H,1788.0,1697.2,1.67,3.84,5.29
SP1,2025-02-08,Las Palmas,Villarreal,1.0,2.0,A,1601.49,1744.88,4.51,4.04,1.73
SP1,2025-02-08,Real Madrid,Ath Madrid,1.0,1.0,D,1964.78,1862.33,1.88,3.68,4.13
SP1,2025-02-09,Alaves,Getafe,0.0,1.0,A,1625.39,1645.16,2.32,2.9,3.63
SP1,2025-02-09,Valencia,Leganes,2.0,0.0,H,1618.52,1585.85,1.74,3.43,5.39
SP1,2025-02-09,Sociedad,Espanol,2.0,1.0,H,1709.68,1581.92,1.59,3.81,6.29
SP1,2025-02-09,Sevilla,Barcelona,1.0,4.0,A,1661.23,1895.48,5.47,4.63,1.54
SP1,2025-02-10,Mallorca,Osasuna,1.0,1.0,D,1643.06,1655.6,2.02,3.15,4.22
SP1,2025-02-14,Girona,Getafe,1.0,2.0,A,1697.2,1645.16,1.98,3.22,4.44
SP1,2025-02-15,Leganes,Alaves,3.0,3.0,D,1584.78,1621.06,3.19,2.92,2.57
SP1,2025-02-15,Osasuna,Real Madrid,1.0,1.0,D,1671.61,1960.03,5.58,4.32,1.57
SP1,2025-02-15,Ath Madrid,Celta,1.0,1.0,D,1876.59,1650.84,1.42,4.64,7.71
SP1,2025-02-15,Villarreal,Valencia,1.0,1.0,D,1762.49,1640.32,1.53,4.43,5.96
SP1,2025-02-16,Espanol,Ath Bilbao,1.0,1.0,D,1599.68,1800.75,5.22,3.52,1.75
SP1,2025-02-16,Valladolid,Sevilla,0.0,4.0,A,1545.53,1662.65,4.01,3.38,1.99
SP1,2025-02-16,Mallorca,Las Palmas,3.0,1.0,H,1645.38,1598.54,1.73,3.53,5.29
SP1,2025-02-16,Betis,Sociedad,3.0,0.0,H,1675.76,1717.24,2.54,3.1,3.0
SP1,2025-02-17,Barcelona,Vallecano,1.0,0.0,H,1910.77,1667.93,1.2,7.43,12.37
SP1,2025-02-21,Celta,Osasuna,1.0,0.0,H,1650.84,1671.61,1.7,3.8,5.2
SP1,2025-02-22,Alaves,Espanol,0.0,1.0,A,1621.06,1599.68,1.8,3.38,5.22
SP1,2025-02-22,Vallecano,Villarreal,0.0,1.0,A,1667.93,1762.49,2.98,3.42,2.39
SP1,2025-02-22,Valencia,Ath Madrid,0.0,3.0,A,1640.32,1876.59,4.35,3.42,1.91
SP1,2025-02-22,Las Palmas,Barcelona,0.0,2.0,A,1598.54,1910.77,10.33,6.79,1.24
SP1,2025-02-23,Ath Bilbao,Valladolid,7.0,1.0,H,1800.75,1545.53,1.16,7.34,18.55
SP1,2025-02-23,Real Madrid,Girona,2.0,0.0,H,1960.03,1689.7,1.28,6.26,9.32
SP1,2025-02-23,Getafe,Betis,1.0,2.0,A,1671.22,1675.76,2.61,3.06,2.95
SP1,2025-02-23,Sociedad,Leganes,3.0,0.0,H,1717.24,1584.78,1.55,3.79,7.03
SP1,2025-02-24,Sevilla,Mallorca,1.0,1.0,D,1662.65,1645.38,2.09,3.17,3.93
SP1,2025-02-28,Valladolid,Las Palmas,1.0,1.0,D,1545.53,1598.54,3.14,3.21,2.43
SP1,2025-03-01,Girona,Celta,2.0,2.0,D,1691.56,1668.7,2.17,3.51,3.31
SP1,2025-03-01,Vallecano,Sevilla,1.0,1.0,D,1662.86,1677.95,2.3,3.23,3.31
SP1,2025-03-01,Betis,Real Madrid,2.0,1.0,H,1701.35,1969.61,4.41,4.07,1.74
SP1,2025-03-01,Ath Madrid,Ath Bilbao,1.0,0.0,H,1881.32,1805.71,2.04,3.44,3.78
SP1,2025-03-02,Leganes,Getafe,1.0,0.0,H,1581.47,1665.92,3.21,2.74,2.67
SP1,2025-03-02,Barcelona,Sociedad,4.0,0.0,H,1920.57,1721.13,1.26,5.97,11.44
SP1,2025-03-02,Mallorca,Alaves,1.0,1.0,D,1659.72,1615.72,2.27,3.05,3.57
SP1,2025-03-02,Osasuna,Valencia,3.0,3.0,D,1674.67,1642.1,2.31,3.16,3.32
SP1,2025-03-08,Celta,Leganes,2.0,1.0,H,1668.7,1581.47,1.56,4.04,6.37
SP1,2025-03-08,Alaves,Villarreal,1.0,0.0,H,1615.72,1769.09,3.07,3.32,2.4
SP1,2025-03-08,Valencia,Valladolid,2.0,1.0,H,1642.1,1531.71,1.39,4.5,9.27
SP1,2025-03-09,Getafe,Ath Madrid,2.0,1.0,H,1665.92,1881.32,4.48,3.1,1.98
SP1,2025-03-09,Real Madrid,Vallecano,2.0,1.0,H,1969.61,1662.86,1.28,5.97,10.23
SP1,2025-03-09,Ath Bilbao,Mallorca,1.0,1.0,D,1805.71,1659.72,1.63,3.73,6.01
SP1,2025-03-09,Betis,Las Palmas,1.0,0.0,H,1701.35,1591.44,1.45,4.61,7.02
SP1,2025-03-09,Sociedad,Sevilla,0.0,1.0,A,1721.13,1677.95,2.2,3.15,3.59
SP1,2025-03-10,Espanol,Girona,1.0,1.0,D,1618.04,1691.56,3.13,3.22,2.39
SP1,2025-03-14,Las Palmas,Alaves,2.0,2.0,D,1591.44,1615.72,2.91,3.02,2.7
SP1,2025-03-15,Valladolid,Celta,0.0,1.0,A,1532.26,1680.07,5.07,3.88,1.69
SP1,2025-03-15,Mallorca,Espanol,2.0,1.0,H,1666.57,1622.63,1.82,3.37,4.91
SP1,2025-03-15,Villarreal,Real Madrid,1.0,2.0,A,1763.39,1958.67,3.05,3.9,2.16
SP1,2025-03-15,Girona,Valencia,1.0,1.0,D,1693.56,1653.16,1.98,3.53,3.87
SP1,2025-03-16,Leganes,Betis,2.0,3.0,A,1590.39,1734.02,3.77,3.33,2.06
SP1,2025-03-16,Sevilla,Ath Bilbao,0.0,1.0,A,1694.63,1810.2,2.96,3.15,2.54
SP1,2025-03-16,Osasuna,Getafe,1.0,2.0,A,1676.49,1673.79,2.32,2.94,3.6
SP1,2025-03-16,Vallecano,Sociedad,2.0,2.0,D,1664.54,1695.49,2.49,3.08,3.12
SP1,2025-03-16,Ath Madrid,Barcelona,2.0,4.0,A,1881.95,1937.6,3.03,3.64,2.25
SP1,2025-03-27,Barcelona,Osasuna,3.0,0.0,H,1937.6,1676.49,1.28,6.34,8.82
SP1,2025-03-29,Sociedad,Valladolid,2.0,1.0,H,1695.49,1532.26,1.34,4.81,10.49
SP1,2025-03-29,Espanol,Ath Madrid,1.0,1.0,D,1622.63,1881.95,5.87,3.81,1.62
SP1,2025-03-29,Alaves,Vallecano,0.0,2.0,A,1634.09,1664.54,2.19,2.99,3.89
SP1,2025-03-29,Real Madrid,Leganes,3.0,2.0,H,1958.67,1590.39,1.15,8.37,17.3
SP1,2025-03-30,Getafe,Villarreal,1.0,2.0,A,1673.79,1763.39,3.28,3.14,2.35
SP1,2025-03-30,Barcelona,Girona,4.0,1.0,H,1937.6,1693.56,1.24,6.72,10.69
SP1,2025-03-30,Ath Bilbao,Osasuna,0.0,0.0,D,1810.2,1676.49,1.46,4.33,7.33
SP1,2025-03-30,Valencia,Mallorca,1.0,0.0,H,1653.16,1666.57,2.17,3.15,3.69
SP1,2025-03-30,Betis,Sevilla,2.0,1.0,H,1734.02,1694.63,1.89,3.52,4.26
SP1,2025-03-31,Celta,Las Palmas,1.0,1.0,D,1680.07,1591.35,1.57,4.17,5.64
SP1,2025-04-04,Vallecano,Espanol,0.0,4.0,A,1676.58,1622.03,1.69,3.55,5.88
SP1,2025-04-05,Girona,Alaves,0.0,1.0,A,1687.66,1620.99,2.08,3.36,3.69
SP1,2025-04-05,Real Madrid,Valencia,1.0,2.0,A,1964.24,1662.97,1.3,5.68,9.44
SP1,2025-04-05,Mallorca,Celta,1.0,2.0,A,1665.22,1681.55,2.68,3.09,2.85
SP1,2025-04-05,Barcelona,Betis,1.0,1.0,D,1954.88,1745.37,1.37,5.5,7.35
SP1,2025-04-06,Las Palmas,Sociedad,1.0,3.0,A,1595.76,1699.47,3.18,3.18,2.38
SP1,2025-04-06,Sevilla,Ath Madrid,1.0,2.0,A,1682.6,1865.31,3.41,3.29,2.21
SP1,2025-04-06,Valladolid,Getafe,0.0,4.0,A,1523.44,1675.86,4.62,3.18,1.93
SP1,2025-04-06,Villarreal,Ath Bilbao,0.0,0.0,D,1766.68,1811.44,2.22,3.38,3.28
SP1,2025-04-07,Leganes,Osasuna,1.0,1.0,D,1583.3,1669.48,2.71,3.1,2.79
SP1,2025-04-11,Valencia,Sevilla,1.0,0.0,H,1662.97,1682.6,2.34,3.12,3.36
SP1,2025-04-12,Sociedad,Mallorca,0.0,2.0,A,1699.47,1665.22,1.76,3.37,5.38
SP1,2025-04-12,Getafe,Las Palmas,1.0,3.0,A,1675.86,1595.76,1.78,3.44,5.1
SP1,2025-04-12,Celta,Espanol,0.0,2.0,A,1681.55,1622.03,1.64,3.81,5.69
SP1,2025-04-12,Leganes,Barcelona,0.0,1.0,A,1583.3,1954.88,8.41,5.94,1.31
SP1,2025-04-13,Osasuna,Girona,2.0,1.0,H,1669.48,1687.66,2.46,3.2,3.02
SP1,2025-04-13,Alaves,Real Madrid,0.0,1.0,A,1620.99,1964.24,5.23,4.13,1.62
SP1,2025-04-13,Betis,Villarreal,1.0,2.0,A,1745.37,1766.68,2.32,3.52,2.98
SP1,2025-04-13,Ath Bilbao,Vallecano,3.0,1.0,H,1811.44,1676.58,1.76,3.44,5.16
SP1,2025-04-14,Ath Madrid,Valladolid,4.0,2.0,H,1865.31,1523.44,1.13,8.56,19.92
SP1,2025-04-18,Espanol,Getafe,1.0,0.0,H,1659.86,1669.62,2.8,2.74,3.05
SP1,2025-04-19,Vallecano,Valencia,1.0,1.0,D,1648.59,1685.0,2.29,3.13,3.37
SP1,2025-04-19,Barcelona,Celta,4.0,3.0,H,1955.37,1675.11,1.3,6.1,8.61
SP1,2025-04-19,Mallorca,Leganes,0.0,0.0,D,1671.2,1581.54,1.88,3.15,4.93
SP1,2025-04-19,Las Palmas,Ath Madrid,1.0,0.0,H,1602.74,1871.39,5.79,4.2,1.56
SP1,2025-04-20,Valladolid,Osasuna,2.0,3.0,A,1509.63,1674.97,4.5,3.49,1.84
SP1,2025-04-20,Villarreal,Sociedad,2.0,2.0,D,1774.87,1693.05,1.7,3.85,4.94
SP1,2025-04-20,Sevilla,Alaves,1.0,1.0,D,1670.54,1629.18,2.07,3.07,4.14
SP1,2025-04-20,Real Madrid,Ath Bilbao,1.0,0.0,H,1940.91,1816.69,1.67,3.94,5.04
SP1,2025-04-21,Girona,Betis,1.0,3.0,A,1669.04,1744.07,2.83,3.39,2.49
SP1,2025-04-22,Valencia,Espanol,1.0,1.0,D,1685.0,1659.86,1.98,3.34,4.13
SP1,2025-04-22,Barcelona,Mallorca,1.0,0.0,H,1955.37,1671.2,1.23,6.61,12.07
SP1,2025-04-23,Ath Bilbao,Las Palmas,1.0,0.0,H,1816.69,1602.74,1.36,5.0,8.48
SP1,2025-04-23,Celta,Villarreal,3.0,0.0,H,1675.11,1774.87,2.52,3.41,2.77
SP1,2025-04-23,Alaves,Sociedad,1.0,0.0,H,1629.18,1693.05,2.37,3.04,3.32
SP1,2025-04-23,Getafe,Real Madrid,0.0,1.0,A,1669.62,1940.91,4.7,3.64,1.77
SP1,2025-04-24,Leganes,Girona,1.0,1.0,D,1581.54,1669.04,2.76,3.05,2.77
SP1,2025-04-24,Osasuna,Sevilla,1.0,0.0,H,1674.97,1670.54,2.49,3.03,3.15
SP1,2025-04-24,Ath Madrid,Vallecano,3.0,0.0,H,1871.39,1648.59,1.55,4.03,6.28
SP1,2025-04-24,Betis,Valladolid,5.0,1.0,H,1744.07,1509.63,1.19,7.04,14.88
SP1,2025-04-27,Villarreal,Espanol,1.0,0.0,H,1774.87,1659.86,1.44,4.85,6.28
SP1,2025-05-02,Vallecano,Getafe,1.0,0.0,H,1642.44,1658.25,2.42,2.98,3.38
SP1,2025-05-03,Alaves,Ath Madrid,0.0,0.0,D,1639.32,1861.41,3.76,3.15,2.14
SP1,2025-05-03,Villarreal,Osasuna,4.0,2.0,H,1758.73,1685.52,1.54,4.4,5.77
SP1,2025-05-03,Las Palmas,Valencia,2.0,3.0,A,1612.04,1682.34,2.59,3.34,2.73
SP1,2025-05-03,Valladolid,Barcelona,1.0,2.0,A,1499.12,1954.15,14.72,8.53,1.15
SP1,2025-05-04,Real Madrid,Celta,3.0,2.0,H,1940.99,1687.79,1.36,5.64,7.26
SP1,2025-05-04,Sevilla,Leganes,2.0,2.0,D,1660.25,1584.81,1.79,3.41,4.99
SP1,2025-05-04,Espanol,Betis,1.0,2.0,A,1663.49,1759.23,3.37,2.98,2.39
SP1,2025-05-04,Sociedad,Ath Bilbao,0.0,0.0,D,1687.36,1817.98,2.47,3.14,3.04
SP1,2025-05-05,Girona,Mallorca,1.0,0.0,H,1656.81,1664.38,2.02,3.2,4.07
SP1,2025-05-09,Las Palmas,Vallecano,0.0,1.0,A,1612.04,1642.44,2.47,3.29,2.98
SP1,2025-05-10,Valencia,Getafe,3.0,0.0,H,1682.34,1658.25,2.05,3.12,4.13
SP1,2025-05-10,Celta,Sevilla,3.0,2.0,H,1687.79,1660.25,1.83,3.66,4.34
SP1,2025-05-10,Girona,Villarreal,0.0,1.0,A,1656.81,1758.73,3.12,3.72,2.16
SP1,2025-05-10,Mallorca,Valladolid,2.0,1.0,H,1664.38,1499.12,1.34,5.0,9.97
SP1,2025-05-10,Ath Madrid,Sociedad,4.0,0.0,H,1861.41,1687.36,1.68,3.83,5.18
SP1,2025-05-11,Leganes,Espanol,3.0,2.0,H,1584.81,1663.49,2.41,3.07,3.22
SP1,2025-05-11,Barcelona,Real Madrid,4.0,3.0,H,1954.15,1940.99,1.97,4.08,3.34
SP1,2025-05-11,Ath Bilbao,Alaves,1.0,0.0,H,1817.98,1639.32,1.88,3.24,4.68
SP1,2025-05-11,Betis,Osasuna,1.0,1.0,D,1759.23,1685.52,1.64,3.98,5.24
SP1,2025-05-13,Valladolid,Girona,0.0,1.0,A,1499.12,1656.81,4.59,3.88,1.75
SP1,2025-05-13,Sociedad,Celta,0.0,1.0,A,1687.36,1687.79,2.37,3.32,3.12
SP1,2025-05-13,Sevilla,Las Palmas,1.0,0.0,H,1660.25,1612.04,1.69,3.73,5.37
SP1,2025-05-14,Alaves,Valencia,1.0,0.0,H,1639.32,1682.34,2.16,3.17,3.69
SP1,2025-05-14,Villarreal,Leganes,3.0,0.0,H,1758.73,1584.81,1.34,5.26,8.73
SP1,2025-05-14,Real Madrid,Mallorca,2.0,1.0,H,1940.99,1664.38,1.38,5.06,7.87
SP1,2025-05-15,Vallecano,Betis,2.0,2.0,D,1651.11,1765.54,3.05,3.13,2.48
SP1,2025-05-15,Osasuna,Ath Madrid,2.0,0.0,H,1676.5,1856.09,3.74,3.3,2.08
SP1,2025-05-15,Espanol,Barcelona,0.0,2.0,A,1640.97,1946.63,9.34,5.76,1.3
SP1,2025-05-15,Getafe,Ath Bilbao,0.0,2.0,A,1634.54,1786.69,3.4,2.65,2.64
SP1,2025-05-18,Ath Madrid,Betis,4.0,1.0,H,1856.09,1765.54,1.95,3.72,3.69
SP1,2025-05-18,Barcelona,Villarreal,2.0,3.0,A,1946.63,1769.85,1.85,4.15,3.7
SP1,2025-05-18,Celta,Vallecano,1.0,2.0,A,1694.08,1651.11,1.78,3.91,4.32
SP1,2025-05-18,Las Palmas,Leganes,0.0,1.0,A,1583.07,1585.0,2.9,3.45,2.39
SP1,2025-05-18,Mallorca,Getafe,1.0,2.0,A,1652.13,1634.54,2.01,3.2,4.16
SP1,2025-05-18,Osasuna,Espanol,2.0,0.0,H,1676.5,1640.97,1.83,3.48,4.59
SP1,2025-05-18,Sevilla,Real Madrid,0.0,2.0,A,1648.82,1931.44,4.13,3.99,1.78
SP1,2025-05-18,Sociedad,Girona,3.0,2.0,H,1666.2,1655.05,2.13,3.08,3.88
SP1,2025-05-18,Valencia,Ath Bilbao,0.0,1.0,A,1685.01,1786.69,2.24,2.99,3.73
SP1,2025-05-18,Valladolid,Alaves,0.0,1.0,A,1482.18,1641.15,5.73,3.84,1.62
SP1,2025-05-23,Betis,Valencia,1.0,1.0,D,1765.54,1685.01,1.96,3.78,3.66
SP1,2025-05-24,Real Madrid,Sociedad,2.0,0.0,H,1931.44,1666.2,1.42,5.04,6.72
SP1,2025-05-24,Espanol,Las Palmas,2.0,0.0,H,1640.97,1583.07,1.38,4.88,8.3
SP1,2025-05-24,Leganes,Valladolid,3.0,0.0,H,1585.0,1482.18,1.32,5.42,9.4
SP1,2025-05-24,Alaves,Osasuna,1.0,1.0,D,1641.15,1676.5,3.2,3.2,2.36
SP1,2025-05-24,Getafe,Celta,1.0,2.0,A,1634.54,1694.08,4.22,3.65,1.86
SP1,2025-05-24,Vallecano,Mallorca,0.0,0.0,D,1651.11,1652.13,1.53,4.1,6.46
SP1,2025-05-25,Girona,Ath Madrid,0.0,4.0,A,1655.05,1856.09,3.71,3.75,1.95
SP1,2025-05-25,Villarreal,Sevilla,4.0,2.0,H,1769.85,1648.82,1.46,4.89,6.15
SP1,2025-05-25,Ath Bilbao,Barcelona,0.0,3.0,A,1786.69,1946.63,3.22,3.75,2.11
SP1,2025-08-15,Girona,Vallecano,1.0,3.0,A,1637.03,1658.48,2.25,3.25,3.3
SP1,2025-08-15,Villarreal,Oviedo,2.0,0.0,H,1785.55,1574.9,1.4,4.75,8.0
SP1,2025-08-16,Mallorca,Barcelona,0.0,3.0,A,1641.25,1945.43,7.0,5.0,1.4
SP1,2025-08-16,Alaves,Levante,2.0,1.0,H,1644.12,1605.75,2.15,3.0,3.8
SP1,2025-08-16,Valencia,Sociedad,1.0,1.0,D,1679.42,1667.32,2.6,2.9,3.1
SP1,2025-08-17,Celta,Getafe,0.0,2.0,A,1689.27,1625.76,1.73,3.5,5.25
SP1,2025-08-17,Ath Bilbao,Sevilla,3.0,2.0,H,1789.31,1637.12,1.57,3.9,6.0
SP1,2025-08-17,Espanol,Ath Madrid,2.0,1.0,H,1634.66,1855.35,6.0,3.9,1.57
SP1,2025-08-18,Elche,Betis,1.0,1.0,D,1569.98,1742.14,3.4,3.3,2.2
SP1,2025-08-19,Real Madrid,Osasuna,1.0,0.0,H,1936.13,1697.22,1.22,6.25,13.0
SP1,2025-08-22,Betis,Alaves,1.0,0.0,H,1739.02,1651.36,1.91,3.4,4.2
SP1,2025-08-23,Mallorca,Celta,1.0,1.0,D,1637.31,1675.86,3.0,3.1,2.55
SP1,2025-08-23,Ath Madrid,Elche,1.0,1.0,D,1841.03,1573.1,1.25,5.25,15.0
SP1,2025-08-23,Levante,Barcelona,2.0,3.0,A,1598.51,1949.37,11.0,6.0,1.25
SP1,2025-08-24,Osasuna,Valencia,1.0,0.0,H,1694.18,1677.37,2.4,3.2,3.1
SP1,2025-08-24,Sociedad,Espanol,2.0,2.0,D,1669.37,1648.98,1.8,3.4,5.0
SP1,2025-08-24,Villarreal,Girona,5.0,0.0,H,1789.03,1625.92,1.53,4.33,6.0
SP1,2025-08-24,Oviedo,Real Madrid,0.0,3.0,A,1571.42,1939.17,9.5,5.5,1.3
SP1,2025-08-25,Ath Bilbao,Vallecano,1.0,0.0,H,1793.86,1669.59,1.7,3.5,5.5
SP1,2025-08-25,Sevilla,Getafe,1.0,2.0,A,1632.57,1639.17,2.25,3.0,3.6
SP1,2025-08-27,Celta,Betis,1.0,1.0,D,1676.47,1745.01,2.2,3.4,3.25
SP1,2025-08-29,Elche,Levante,2.0,0.0,H,1580.47,1595.35,2.15,3.25,3.5
SP1,2025-08-29,Valencia,Getafe,3.0,0.0,H,1669.55,1650.7,2.3,2.9,3.6
SP1,2025-08-30,Alaves,Ath Madrid,1.0,1.0,D,1645.37,1833.66,4.75,3.5,1.8
SP1,2025-08-30,Oviedo,Sociedad,1.0,0.0,H,1568.51,1667.09,3.5,3.1,2.25
SP1,2025-08-30,Girona,Sevilla,0.0,2.0,A,1621.59,1621.04,2.4,3.3,3.0
SP1,2025-08-30,Real Madrid,Mallorca,2.0,1.0,H,1942.07,1636.69,1.18,7.0,15.0
SP1,2025-08-31,Celta,Villarreal,1.0,1.0,D,1676.72,1793.37,2.75,3.5,2.5
SP1,2025-08-31,Betis,Ath Bilbao,1.0,2.0,A,1744.76,1799.01,3.0,3.1,2.55
SP1,2025-08-31,Espanol,Osasuna,1.0,0.0,H,1651.25,1702.01,2.38,3.2,3.1
SP1,2025-08-31,Vallecano,Barcelona,1.0,1.0,D,1664.44,1952.53,6.25,5.5,1.4
SP1,2025-09-12,Sevilla,Elche,2.0,2.0,D,1632.77,1589.18,1.85,3.4,4.5
SP1,2025-09-13,Getafe,Oviedo,2.0,0.0,H,1642.93,1579.62,1.95,3.1,4.5
SP1,2025-09-13,Sociedad,Real Madrid,1.0,2.0,A,1655.99,1944.25,5.0,4.33,1.6
SP1,2025-09-13,Ath Bilbao,Alaves,0.0,1.0,A,1809.17,1648.91,1.6,3.9,5.75
SP1,2025-09-13,Ath Madrid,Villarreal,2.0,0.0,H,1830.13,1791.75,1.8,3.7,4.33
SP1,2025-09-14,Celta,Girona,1.0,1.0,D,1678.34,1609.86,1.73,3.9,4.75
SP1,2025-09-14,Levante,Betis,2.0,2.0,D,1586.64,1734.6,3.25,3.25,2.3
SP1,2025-09-14,Osasuna,Vallecano,2.0,0.0,H,1692.27,1670.2,2.55,3.2,2.9
SP1,2025-09-14,Barcelona,Valencia,6.0,0.0,H,1946.77,1677.32,1.22,7.0,11.0
SP1,2025-09-15,Espanol,Mallorca,3.0,2.0,H,1660.99,1634.52,2.1,3.4,3.5
SP1,2025-09-19,Betis,Sociedad,3.0,1.0,H,1732.12,1651.75,1.91,3.6,3.75
SP1,2025-09-20,Girona,Levante,0.0,4.0,A,1613.4,1589.12,1.91,3.6,4.0
SP1,2025-09-20,Real Madrid,Espanol,2.0,0.0,H,1948.48,1668.55,1.2,7.0,13.0
SP1,2025-09-20,Alaves,Sevilla,1.0,2.0,A,1664.51,1629.87,2.25,3.1,3.5
SP1,2025-09-20,Villarreal,Osasuna,2.0,1.0,H,1784.51,1699.96,1.55,4.33,5.5
SP1,2025-09-20,Valencia,Ath Bilbao,2.0,0.0,H,1674.71,1793.56,3.0,3.0,2.55
SP1,2025-09-21,Vallecano,Celta,1.0,1.0,D,1662.52,1674.8,2.3,3.3,3.2
SP1,2025-09-21,Mallorca,Ath Madrid,1.0,1.0,D,1626.96,1837.37,5.0,3.6,1.75
SP1,2025-09-21,Elche,Oviedo,1.0,0.0,H,1592.08,1573.03,1.91,3.2,4.5
SP1,2025-09-21,Barcelona,Getafe,3.0,0.0,H,1949.38,1649.52,1.22,6.5,12.0
SP1,2025-09-23,Ath Bilbao,Girona,1.0,1.0,D,1781.89,1601.02,1.45,4.33,7.0
SP1,2025-09-23,Espanol,Valencia,2.0,2.0,D,1666.07,1686.39,2.25,3.1,3.4
SP1,2025-09-23,Levante,Real Madrid,1.0,4.0,A,1601.5,1950.96,7.5,5.75,1.33
SP1,2025-09-23,Sevilla,Villarreal,1.0,2.0,A,1642.53,1790.57,3.1,3.4,2.3
SP1,2025-09-24,Getafe,Alaves,1.0,1.0,D,1647.28,1651.86,2.3,2.9,3.6
SP1,2025-09-24,Ath Madrid,Vallecano,3.0,2.0,H,1833.29,1661.16,1.5,4.5,6.0
SP1,2025-09-24,Sociedad,Mallorca,1.0,0.0,H,1645.58,1631.04,1.8,3.4,4.75
SP1,2025-09-25,Osasuna,Elche,1.0,1.0,D,1693.89,1599.84,1.95,3.25,4.33
SP1,2025-09-25,Oviedo,Barcelona,1.0,3.0,A,1565.26,1951.61,10.0,5.75,1.25
SP1,2025-09-26,Girona,Espanol,0.0,0.0,D,1607.02,1664.94,2.45,3.3,2.88
SP1,2025-09-27,Getafe,Levante,1.0,1.0,D,1645.7,1598.32,2.05,3.1,4.1
SP1,2025-09-27,Ath Madrid,Real Madrid,5.0,2.0,H,1837.45,1954.14,3.0,3.6,2.3
SP1,2025-09-27,Mallorca,Alaves,1.0,0.0,H,1623.15,1653.44,2.35,3.0,3.4
SP1,2025-09-27,Villarreal,Ath Bilbao,1.0,0.0,H,1798.09,1775.89,2.1,3.25,3.7
SP1,2025-09-28,Vallecano,Sevilla,0.0,1.0,A,1656.99,1635.01,2.0,3.3,4.0
SP1,2025-09-28,Elche,Celta,2.0,1.0,H,1604.0,1676.16,2.88,3.1,2.6
SP1,2025-09-28,Barcelona,Sociedad,2.0,1.0,H,1954.26,1653.47,1.27,5.75,10.0
SP1,2025-09-28,Betis,Osasuna,2.0,0.0,H,1738.28,1689.73,1.75,3.8,4.5
SP1,2025-09-30,Valencia,Oviedo,1.0,2.0,A,1687.52,1562.61,1.7,3.5,5.5
SP1,2025-10-03,Osasuna,Getafe,2.0,1.0,H,1682.75,1642.71,2.15,2.9,4.1
SP1,2025-10-04,Oviedo,Levante,0.0,2.0,A,1577.48,1601.32,2.5,3.3,2.88
SP1,2025-10-04,Girona,Valencia,2.0,1.0,H,1606.96,1672.65,2.45,3.5,2.8
SP1,2025-10-04,Ath Bilbao,Mallorca,2.0,1.0,H,1768.21,1632.3,1.53,3.8,7.0
SP1,2025-10-04,Real Madrid,Villarreal,3.0,1.0,H,1942.52,1805.77,1.45,5.0,6.0
SP1,2025-10-05,Alaves,Elche,3.0,1.0,H,1644.29,1614.35,2.3,3.1,3.3
SP1,2025-10-05,Sevilla,Barcelona,4.0,1.0,H,1647.33,1956.49,5.75,5.25,1.45
SP1,2025-10-05,Espanol,Betis,1.0,2.0,A,1665.0,1745.26,2.63,3.4,2.63
SP1,2025-10-05,Sociedad,Vallecano,0.0,1.0,A,1651.24,1644.68,2.05,3.6,3.5
SP1,2025-10-05,Celta,Ath Madrid,1.0,1.0,D,1665.81,1849.07,4.5,3.8,1.75
SP1,2025-10-17,Oviedo,Espanol,0.0,2.0,A,1566.45,1655.58,3.0,3.1,2.5
SP1,2025-10-18,Sevilla,Mallorca,1.0,3.0,A,1663.48,1627.4,1.85,3.3,4.75
SP1,2025-10-18,Barcelona,Girona,2.0,1.0,H,1940.34,1617.13,1.2,7.0,12.0
SP1,2025-10-18,Villarreal,Betis,2.0,2.0,D,1800.89,1754.68,1.91,3.6,4.0
SP1,2025-10-18,Ath Madrid,Osasuna,1.0,0.0,H,1845.66,1689.95,1.38,4.75,8.5
SP1,2025-10-19,Elche,Ath Bilbao,0.0,0.0,D,1606.89,1773.1,3.75,3.25,2.1
SP1,2025-10-19,Celta,Sociedad,1.0,1.0,D,1669.22,1639.35,2.1,3.4,3.5
SP1,2025-10-19,Levante,Vallecano,0.0,3.0,A,1612.36,1656.57,2.88,3.25,2.5
SP1,2025-10-19,Getafe,Real Madrid,0.0,1.0,A,1635.51,1947.4,8.0,4.33,1.42
SP1,2025-10-20,Alaves,Valencia,0.0,0.0,D,1651.76,1662.49,2.25,3.0,3.6
SP1,2025-10-24,Sociedad,Sevilla,2.0,1.0,H,1641.88,1650.78,1.95,3.5,3.8
SP1,2025-10-25,Girona,Oviedo,3.0,3.0,D,1615.14,1557.28,1.8,3.5,4.75
SP1,2025-10-25,Espanol,Elche,1.0,0.0,H,1664.74,1609.85,1.95,3.25,4.1
SP1,2025-10-25,Ath Bilbao,Getafe,0.0,1.0,A,1770.13,1631.71,1.67,3.5,6.0
SP1,2025-10-25,Valencia,Villarreal,0.0,2.0,A,1663.9,1797.93,3.1,3.6,2.2
SP1,2025-10-26,Mallorca,Levante,1.0,1.0,D,1640.1,1601.9,2.1,3.3,3.6
SP1,2025-10-26,Real Madrid,Barcelona,2.0,1.0,H,1951.2,1942.32,1.95,4.1,3.3
SP1,2025-10-26,Osasuna,Celta,2.0,3.0,A,1685.47,1666.69,2.35,3.2,3.2
SP1,2025-10-26,Vallecano,Alaves,1.0,0.0,H,1667.02,1650.35,2.1,3.1,3.9
SP1,2025-10-27,Betis,Ath Madrid,0.0,2.0,A,1757.64,1850.15,3.1,3.6,2.2
SP1,2025-10-31,Getafe,Girona,2.0,1.0,H,1646.87,1611.87,2.15,3.0,3.8
SP1,2025-11-01,Villarreal,Vallecano,4.0,0.0,H,1805.83,1674.85,1.7,3.8,5.0
SP1,2025-11-01,Ath Madrid,Sevilla,3.0,0.0,H,1859.21,1642.24,1.33,5.0,9.0
SP1,2025-11-01,Sociedad,Ath Bilbao,3.0,2.0,H,1650.42,1754.97,2.7,3.0,2.8
SP1,2025-11-01,Real Madrid,Valencia,4.0,0.0,H,1959.24,1656.0,1.17,8.0,15.0
SP1,2025-11-02,Levante,Celta,1.0,2.0,A,1604.65,1678.92,2.88,3.4,2.45
SP1,2025-11-02,Alaves,Espanol,2.0,1.0,H,1642.52,1671.55,2.38,3.0,3.3
SP1,2025-11-02,Barcelona,Elche,3.0,1.0,H,1934.28,1603.04,1.22,6.25,12.0
SP1,2025-11-02,Betis,Mallorca,3.0,0.0,H,1748.57,1637.35,1.57,4.2,5.25
SP1,2025-11-03,Oviedo,Osasuna,0.0,0.0,D,1560.55,1673.24,3.0,3.1,2.5
SP1,2025-11-07,Elche,Sociedad,1.0,1.0,D,1601.14,1661.7,2.7,3.2,2.7
SP1,2025-11-08,Girona,Alaves,1.0,0.0,H,1604.54,1651.63,2.4,3.25,3.0
SP1,2025-11-08,Sevilla,Osasuna,1.0,0.0,H,1638.87,1671.73,2.15,3.3,3.5
SP1,2025-11-08,Ath Madrid,Levante,3.0,1.0,H,1862.59,1595.06,1.22,6.5,12.0
SP1,2025-11-08,Espanol,Villarreal,0.0,2.0,A,1662.44,1810.83,2.8,3.5,2.38
SP1,2025-11-09,Ath Bilbao,Oviedo,1.0,0.0,H,1743.7,1562.06,1.5,3.8,8.0
SP1,2025-11-09,Vallecano,Real Madrid,0.0,0.0,D,1669.85,1961.44,5.25,5.0,1.5
SP1,2025-11-09,Mallorca,Getafe,1.0,0.0,H,1631.91,1654.2,2.5,2.9,3.2
SP1,2025-11-09,Valencia,Betis,1.0,1.0,D,1653.8,1754.01,3.3,3.4,2.2
SP1,2025-11-09,Celta,Barcelona,2.0,4.0,A,1688.51,1936.18,4.5,4.2,1.65
SP1,2025-11-21,Valencia,Levante,1.0,0.0,H,1654.95,1592.43,2.0,3.5,3.7
SP1,2025-11-22,Alaves,Celta,0.0,1.0,A,1642.0,1683.44,2.6,3.0,2.9
SP1,2025-11-22,Barcelona,Ath Bilbao,4.0,0.0,H,1941.25,1747.68,1.36,5.5,7.0
SP1,2025-11-22,Osasuna,Sociedad,1.0,3.0,A,1662.51,1661.68,2.8,3.1,2.7
SP1,2025-11-22,Villarreal,Mallorca,2.0,1.0,H,1818.34,1640.83,1.44,4.75,7.0
SP1,2025-11-23,Oviedo,Vallecano,0.0,0.0,D,1558.07,1675.68,3.5,3.2,2.2
SP1,2025-11-23,Betis,Girona,1.0,1.0,D,1752.86,1614.17,1.53,4.33,5.75
SP1,2025-11-23,Getafe,Ath Madrid,0.0,1.0,A,1645.28,1865.22,5.25,3.5,1.73
SP1,2025-11-23,Elche,Real Madrid,2.0,2.0,D,1601.15,1955.61,7.0,5.25,1.38
SP1,2025-11-24,Espanol,Sevilla,2.0,1.0,H,1654.93,1648.09,2.05,3.3,3.8
SP1,2025-11-28,Getafe,Elche,1.0,0.0,H,1639.59,1608.05,2.25,2.88,3.8
SP1,2025-11-29,Mallorca,Osasuna,2.0,2.0,D,1636.77,1650.78,2.35,3.0,3.4
SP1,2025-11-29,Barcelona,Alaves,3.0,1.0,H,1945.02,1631.47,1.2,7.0,13.0
SP1,2025-11-29,Levante,Ath Bilbao,0.0,2.0,A,1585.82,1743.91,3.5,3.3,2.15
SP1,2025-11-29,Ath Madrid,Oviedo,2.0,0.0,H,1870.92,1559.71,1.2,6.25,17.0
SP1,2025-11-30,Sociedad,Villarreal,2.0,3.0,A,1673.41,1822.4,2.8,3.4,2.45
SP1,2025-11-30,Sevilla,Betis,0.0,2.0,A,1639.99,1747.69,3.0,3.3,2.38
SP1,2025-11-30,Celta,Espanol,0.0,1.0,A,1693.97,1663.03,2.05,3.5,3.5
SP1,2025-11-30,Girona,Real Madrid,1.0,1.0,D,1619.34,1948.71,6.5,5.25,1.4
SP1,2025-12-01,Vallecano,Valencia,1.0,1.0,D,1674.04,1661.56,1.95,3.4,4.1
SP1,2025-12-02,Barcelona,Ath Madrid,3.0,1.0,H,1947.11,1873.03,1.73,4.2,4.1
SP1,2025-12-03,Ath Bilbao,Real Madrid,0.0,3.0,A,1751.16,1942.21,4.1,3.9,1.8
SP1,2025-12-05,Oviedo,Mallorca,0.0,0.0,D,1557.6,1635.45,2.55,3.0,3.0
SP1,2025-12-06,Villarreal,Getafe,2.0,0.0,H,1829.89,1647.01,1.62,3.8,5.75
SP1,2025-12-06,Alaves,Sociedad,1.0,0.0,H,1629.38,1665.92,2.8,2.9,2.8
SP1,2025-12-06,Betis,Barcelona,3.0,5.0,A,1756.32,1953.43,4.0,4.5,1.73
SP1,2025-12-06,Ath Bilbao,Ath Madrid,1.0,0.0,H,1744.76,1866.71,3.25,3.25,2.25
SP1,2025-12-07,Elche,Girona,3.0,0.0,H,1600.63,1625.84,2.15,3.3,3.5
SP1,2025-12-07,Valencia,Sevilla,1.0,1.0,D,1663.62,1631.35,2.15,3.4,3.4
SP1,2025-12-07,Espanol,Vallecano,1.0,0.0,H,1675.59,1671.98,2.25,3.4,3.2
SP1,2025-12-07,Real Madrid,Celta,0.0,2.0,A,1948.61,1681.41,1.3,5.5,9.5
SP1,2025-12-08,Osasuna,Levante,2.0,0.0,H,1652.1,1578.57,1.73,3.8,4.5
SP1,2025-12-12,Sociedad,Girona,1.0,2.0,A,1656.59,1616.84,1.75,3.9,4.5
SP1,2025-12-13,Ath Madrid,Valencia,2.0,1.0,H,1854.95,1661.02,1.3,5.0,11.0
SP1,2025-12-13,Mallorca,Elche,3.0,1.0,H,1634.94,1609.63,2.45,3.1,3.1
SP1,2025-12-13,Barcelona,Osasuna,2.0,0.0,H,1959.68,1658.43,1.2,7.0,12.0
SP1,2025-12-13,Getafe,Espanol,0.0,1.0,A,1643.05,1683.78,2.5,2.8,3.25
SP1,2025-12-14,Sevilla,Oviedo,4.0,0.0,H,1633.95,1558.12,1.91,3.4,4.2
SP1,2025-12-14,Celta,Ath Bilbao,2.0,0.0,H,1698.77,1756.53,2.63,3.25,2.75
SP1,2025-12-14,Alaves,Real Madrid,1.0,2.0,A,1638.71,1931.25,5.5,4.0,1.6
SP1,2025-12-15,Vallecano,Betis,0.0,0.0,D,1663.79,1750.08,2.55,3.4,2.75
SP1,2025-12-19,Valencia,Mallorca,1.0,1.0,D,1657.26,1642.53,1.9,3.0,4.0
SP1,2025-12-20,Oviedo,Celta,0.0,0.0,D,1551.84,1708.71,3.6,3.4,2.05
SP1,2025-12-20,Levante,Sociedad,1.0,1.0,D,1572.23,1643.8,3.4,3.4,2.15
SP1,2025-12-20,Osasuna,Alaves,3.0,0.0,H,1656.21,1634.55,2.2,3.0,3.7
SP1,2025-12-20,Real Madrid,Sevilla,2.0,0.0,H,1935.41,1640.23,1.2,7.0,12.0
SP1,2025-12-21,Girona,Ath Madrid,0.0,3.0,A,1629.63,1858.71,5.0,4.0,1.67
SP1,2025-12-21,Villarreal,Barcelona,0.0,2.0,A,1833.85,1961.9,3.4,4.75,1.83
SP1,2025-12-21,Elche,Vallecano,4.0,0.0,H,1602.04,1664.55,2.4,3.1,3.2
SP1,2025-12-21,Betis,Getafe,4.0,0.0,H,1749.32,1632.5,1.7,3.5,5.5
SP1,2025-12-22,Ath Bilbao,Espanol,1.0,2.0,A,1746.59,1694.33,1.75,3.6,5.0
SP1,2026-01-02,Vallecano,Getafe,1.0,1.0,D,1654.48,1627.19,2.05,2.9,4.5
SP1,2026-01-03,Celta,Valencia,4.0,1.0,H,1705.99,1655.14,2.0,3.3,4.0
SP1,2026-01-03,Osasuna,Ath Bilbao,1.0,1.0,D,1663.9,1733.47,3.0,2.9,2.63
SP1,2026-01-03,Elche,Villarreal,1.0,3.0,A,1612.11,1825.79,3.2,3.5,2.2
SP1,2026-01-03,Espanol,Barcelona,0.0,2.0,A,1707.46,1969.97,5.25,4.75,1.5
SP1,2026-01-04,Sevilla,Levante,0.0,3.0,A,1637.93,1572.56,1.75,3.6,4.75
SP1,2026-01-04,Real Madrid,Betis,5.0,1.0,H,1937.7,1754.63,1.45,4.75,6.25
SP1,2026-01-04,Alaves,Oviedo,1.0,1.0,D,1626.86,1554.56,1.9,3.0,5.25
SP1,2026-01-04,Mallorca,Girona,1.0,2.0,A,1644.65,1624.15,2.25,3.2,3.4
SP1,2026-01-04,Sociedad,Ath Madrid,1.0,1.0,D,1643.47,1864.19,3.9,3.6,1.91
SP1,2026-01-09,Getafe,Sociedad,1.0,2.0,A,1629.65,1647.79,3.3,2.9,2.45
SP1,2026-01-10,Oviedo,Betis,1.0,1.0,D,1558.19,1750.67,4.2,3.5,1.91
SP1,2026-01-10,Villarreal,Alaves,3.0,1.0,H,1831.63,1623.23,1.45,4.33,7.0
SP1,2026-01-10,Girona,Osasuna,1.0,0.0,H,1636.42,1664.18,2.35,3.25,3.1
SP1,2026-01-10,Valencia,Elche,1.0,1.0,D,1648.23,1606.26,2.2,3.2,3.5
SP1,2026-01-11,Vallecano,Mallorca,2.0,1.0,H,1652.02,1632.37,1.91,3.3,4.33
SP1,2026-01-11,Levante,Espanol,1.0,1.0,D,1586.02,1702.7,3.1,3.3,2.35
SP1,2026-01-12,Sevilla,Celta,0.0,1.0,A,1624.47,1712.9,2.6,3.3,2.75
SP1,2026-01-16,Espanol,Girona,0.0,2.0,A,1701.09,1645.5,1.85,3.4,4.5
SP1,2026-01-17,Real Madrid,Levante,2.0,0.0,H,1941.66,1587.64,1.17,8.0,15.0
SP1,2026-01-17,Mallorca,Ath Bilbao,3.0,2.0,H,1624.63,1733.19,3.8,2.9,2.25
SP1,2026-01-17,Osasuna,Oviedo,3.0,2.0,H,1655.1,1561.83,1.75,3.4,5.25
SP1,2026-01-17,Betis,Villarreal,2.0,0.0,H,1747.03,1835.15,2.6,3.5,2.63
SP1,2026-01-18,Getafe,Valencia,0.0,1.0,A,1618.45,1645.37,2.55,2.75,3.4
SP1,2026-01-18,Ath Madrid,Alaves,1.0,0.0,H,1859.87,1619.71,1.3,5.25,10.0
SP1,2026-01-18,Celta,Vallecano,3.0,0.0,H,1722.09,1659.76,2.05,3.2,4.0
SP1,2026-01-18,Sociedad,Barcelona,2.0,1.0,H,1658.99,1974.72,5.0,4.5,1.55
SP1,2026-01-19,Elche,Sevilla,2.0,2.0,D,1609.12,1615.29,2.25,3.3,3.25
SP1,2026-01-23,Levante,Elche,3.0,2.0,H,1585.95,1607.58,2.2,3.3,3.2
SP1,2026-01-24,Vallecano,Osasuna,1.0,3.0,A,1653.14,1660.96,2.15,3.25,3.6
SP1,2026-01-24,Valencia,Espanol,3.0,2.0,H,1656.32,1687.88,2.45,3.1,3.1
SP1,2026-01-24,Sevilla,Ath Bilbao,2.0,1.0,H,1616.83,1721.81,2.88,3.0,2.63
SP1,2026-01-24,Villarreal,Real Madrid,0.0,2.0,A,1824.34,1943.35,3.4,3.9,2.0
SP1,2026-01-25,Ath Madrid,Mallorca,3.0,0.0,H,1862.89,1636.02,1.3,5.25,10.0
SP1,2026-01-25,Barcelona,Oviedo,3.0,0.0,H,1958.45,1555.97,1.11,10.0,19.0
SP1,2026-01-25,Sociedad,Celta,3.0,1.0,H,1675.26,1728.71,2.0,3.4,3.9
SP1,2026-01-25,Alaves,Betis,2.0,1.0,H,1616.7,1757.84,2.75,3.0,2.7
SP1,2026-01-26,Girona,Getafe,1.0,1.0,D,1658.71,1607.5,2.1,3.0,4.1
SP1,2026-01-30,Espanol,Alaves,1.0,2.0,A,1678.69,1628.99,1.95,3.0,4.5
SP1,2026-01-31,Oviedo,Girona,1.0,0.0,H,1554.67,1655.61,2.75,3.0,2.75
SP1,2026-01-31,Osasuna,Villarreal,2.0,2.0,D,1672.45,1816.02,2.75,3.3,2.55
SP1,2026-01-31,Levante,Ath Madrid,0.0,0.0,D,1594.85,1866.11,5.25,4.0,1.62
SP1,2026-01-31,Elche,Barcelona,1.0,3.0,A,1598.68,1959.76,7.5,5.75,1.33
SP1,2026-02-01,Real Madrid,Vallecano,2.0,1.0,H,1951.66,1641.65,1.25,6.0,12.0
SP1,2026-02-01,Betis,Valencia,2.0,1.0,H,1745.55,1665.51,1.83,3.5,4.5
SP1,2026-02-01,Getafe,Celta,0.0,0.0,D,1610.59,1718.89,2.8,2.9,2.8
SP1,2026-02-01,Ath Bilbao,Sociedad,1.0,1.0,D,1710.52,1685.07,2.3,3.1,3.4
SP1,2026-02-02,Mallorca,Sevilla,4.0,1.0,H,1632.8,1628.11,2.4,3.2,3.1
SP1,2026-02-06,Celta,Osasuna,1.0,2.0,A,1717.51,1674.81,1.95,3.3,4.1
SP1,2026-02-07,Barcelona,Mallorca,3.0,0.0,H,1962.76,1640.96,1.14,9.0,15.0
SP1,2026-02-07,Sociedad,Elche,3.0,1.0,H,1687.48,1595.68,1.67,4.0,5.0
SP1,2026-02-08,Alaves,Getafe,0.0,2.0,A,1642.05,1611.98,2.3,2.8,3.9
SP1,2026-02-08,Ath Bilbao,Levante,4.0,2.0,H,1708.11,1600.28,1.62,3.9,6.0
SP1,2026-02-08,Sevilla,Girona,1.0,1.0,D,1619.96,1644.44,2.15,3.3,3.5
SP1,2026-02-08,Ath Madrid,Betis,0.0,1.0,A,1860.68,1751.72,1.48,4.75,6.25
SP1,2026-02-08,Valencia,Real Madrid,0.0,2.0,A,1659.33,1953.79,5.25,4.75,1.55
SP1,2026-02-09,Villarreal,Espanol,4.0,1.0,H,1813.66,1665.64,1.7,4.33,4.33
SP1,2026-02-13,Elche,Osasuna,0.0,0.0,D,1589.79,1687.68,2.7,3.3,2.55
SP1,2026-02-14,Espanol,Celta,2.0,2.0,D,1661.0,1704.64,2.35,3.2,3.0
SP1,2026-02-14,Getafe,Villarreal,2.0,1.0,H,1624.51,1818.3,3.25,3.1,2.25
SP1,2026-02-14,Sevilla,Alaves,1.0,1.0,D,1618.94,1629.51,2.1,3.1,3.6
SP1,2026-02-14,Real Madrid,Sociedad,4.0,1.0,H,1957.91,1693.37,1.33,5.25,8.0
SP1,2026-02-15,Oviedo,Ath Bilbao,1.0,2.0,A,1565.84,1713.62,3.6,3.1,2.15
SP1,2026-02-15,Vallecano,Ath Madrid,3.0,0.0,H,1639.53,1846.17,4.2,3.3,1.83
SP1,2026-02-15,Levante,Valencia,0.0,2.0,A,1594.77,1655.21,2.63,3.25,2.6
SP1,2026-02-15,Mallorca,Betis,1.0,2.0,A,1638.96,1766.23,2.88,3.2,2.45
SP1,2026-02-16,Girona,Barcelona,2.0,1.0,H,1645.46,1964.76,7.0,5.0,1.36
SP1,2026-02-18,Levante,Villarreal,0.0,1.0,A,1584.78,1804.63,4.0,4.0,1.8
SP1,2026-02-20,Ath Bilbao,Elche,2.0,1.0,H,1721.15,1590.87,1.67,3.8,5.25
SP1,2026-02-21,Sociedad,Oviedo,3.0,3.0,D,1690.69,1558.32,1.48,3.9,7.5
SP1,2026-02-21,Betis,Vallecano,1.0,1.0,D,1774.32,1653.52,1.9,3.4,4.33
SP1,2026-02-21,Osasuna,Real Madrid,2.0,1.0,H,1686.59,1960.58,4.75,4.0,1.7
SP1,2026-02-21,Ath Madrid,Espanol,4.0,2.0,H,1832.18,1660.53,1.5,4.1,7.0
SP1,2026-02-22,Getafe,Sevilla,0.0,1.0,A,1638.18,1617.52,2.35,2.9,3.5
SP1,2026-02-22,Barcelona,Levante,3.0,0.0,H,1948.43,1579.08,1.11,11.0,15.0
SP1,2026-02-22,Celta,Mallorca,2.0,0.0,H,1705.11,1630.87,1.83,3.5,4.5
SP1,2026-02-22,Villarreal,Valencia,2.0,1.0,H,1810.33,1665.2,1.7,4.0,4.5
SP1,2026-02-23,Alaves,Girona,2.0,2.0,D,1630.92,1661.79,2.3,3.0,3.5
SP1,2026-02-27,Levante,Alaves,2.0,0.0,H,1577.52,1630.09,2.63,3.1,2.8
SP1,2026-02-28,Vallecano,Ath Bilbao,1.0,1.0,D,1658.3,1726.16,2.4,3.1,3.2
SP1,2026-02-28,Barcelona,Villarreal,4.0,1.0,H,1949.99,1815.03,1.3,6.5,7.0
SP1,2026-02-28,Mallorca,Sociedad,0.0,1.0,A,1624.55,1685.66,3.0,3.3,2.4
SP1,2026-02-28,Oviedo,Ath Madrid,0.0,1.0,A,1563.35,1836.35,5.75,3.6,1.67
SP1,2026-03-01,Elche,Espanol,2.0,2.0,D,1585.86,1656.36,2.38,3.3,3.0
SP1,2026-03-01,Valencia,Osasuna,1.0,0.0,H,1660.5,1702.08,2.35,3.2,3.25
SP1,2026-03-01,Betis,Sevilla,2.0,2.0,D,1769.54,1629.8,1.75,3.8,4.5
SP1,2026-03-01,Girona,Celta,1.0,2.0,A,1662.62,1711.43,2.38,3.3,3.0
SP1,2026-03-02,Real Madrid,Getafe,0.0,1.0,A,1945.1,1625.9,1.3,5.5,10.0
SP1,2026-03-04,Vallecano,Oviedo,3.0,0.0,H,1658.52,1558.81,1.67,3.75,5.25
SP1,2026-03-06,Celta,Real Madrid,1.0,2.0,A,1721.75,1927.12,3.1,3.3,2.3
SP1,2026-03-07,Osasuna,Mallorca,2.0,2.0,D,1692.61,1614.59,1.73,3.6,5.0
SP1,2026-03-07,Levante,Girona,1.0,1.0,D,1587.31,1652.3,2.8,3.4,2.45
SP1,2026-03-07,Ath Madrid,Sociedad,3.0,2.0,H,1840.89,1695.63,1.62,3.9,5.25
SP1,2026-03-07,Ath Bilbao,Barcelona,0.0,1.0,A,1725.93,1954.9,4.75,4.5,1.62
SP1,2026-03-08,Villarreal,Elche,2.0,1.0,H,1810.11,1586.16,1.5,4.5,6.0
SP1,2026-03-08,Getafe,Betis,2.0,0.0,H,1643.88,1764.35,2.8,2.9,2.8
SP1,2026-03-08,Sevilla,Vallecano,1.0,1.0,D,1634.99,1664.22,2.55,3.1,3.0
SP1,2026-03-08,Valencia,Alaves,3.0,2.0,H,1669.97,1620.3,2.05,3.1,4.1
SP1,2026-03-09,Espanol,Oviedo,1.0,1.0,D,1656.05,1553.11,1.85,3.4,4.33
SP1,2026-03-13,Alaves,Villarreal,1.0,1.0,D,1613.36,1813.38,3.25,3.4,2.2
SP1,2026-03-14,Girona,Ath Bilbao,3.0,0.0,H,1652.16,1720.45,2.75,3.4,2.5
SP1,2026-03-14,Ath Madrid,Getafe,1.0,0.0,H,1845.59,1655.6,1.57,3.8,6.5
SP1,2026-03-14,Oviedo,Valencia,1.0,0.0,H,1557.48,1676.92,2.88,3.2,2.55
SP1,2026-03-14,Real Madrid,Elche,4.0,1.0,H,1933.17,1582.9,1.33,5.5,7.5
SP1,2026-03-15,Mallorca,Espanol,2.0,1.0,H,1618.36,1651.68,2.3,3.2,3.3
SP1,2026-03-15,Barcelona,Sevilla,5.0,2.0,H,1960.39,1634.11,1.25,6.5,10.0
SP1,2026-03-15,Betis,Celta,1.0,1.0,D,1752.63,1715.71,2.2,3.3,3.4
SP1,2026-03-15,Sociedad,Osasuna,3.0,1.0,H,1690.93,1688.83,1.83,3.5,4.33
SP1,2026-03-16,Vallecano,Levante,1.0,1.0,D,1665.11,1587.45,1.7,3.75,5.0
SP1,2026-03-20,Villarreal,Sociedad,3.0,1.0,H,1809.55,1699.16,1.91,3.7,3.9
SP1,2026-03-21,Elche,Mallorca,2.0,1.0,H,1581.18,1627.59,2.1,3.3,3.6
SP1,2026-03-21,Espanol,Getafe,1.0,2.0,A,1642.45,1651.77,2.35,3.0,3.4
SP1,2026-03-21,Levante,Oviedo,4.0,2.0,H,1591.22,1569.18,2.2,3.3,3.4
SP1,2026-03-21,Osasuna,Girona,1.0,0.0,H,1680.6,1662.4,2.15,3.4,3.4
SP1,2026-03-21,Sevilla,Valencia,0.0,2.0,A,1632.16,1665.22,2.3,3.2,3.3
SP1,2026-03-22,Barcelona,Vallecano,1.0,0.0,H,1962.34,1661.34,1.25,7.0,9.5
SP1,2026-03-22,Celta,Alaves,3.0,4.0,A,1718.43,1617.18,1.83,3.3,5.0
SP1,2026-03-22,Ath Bilbao,Betis,2.0,1.0,H,1710.21,1749.91,2.2,3.4,3.25
SP1,2026-03-22,Real Madrid,Ath Madrid,3.0,2.0,H,1934.89,1849.42,1.95,4.0,3.5
SP1,2026-04-03,Vallecano,Elche,1.0,0.0,H,1659.12,1590.79,1.75,3.9,4.75
SP1,2026-04-04,Sociedad,Levante,2.0,0.0,H,1693.71,1598.9,1.57,4.2,5.5
SP1,2026-04-04,Mallorca,Real Madrid,2.0,1.0,H,1617.99,1940.93,5.5,4.33,1.57
SP1,2026-04-04,Betis,Espanol,0.0,0.0,D,1740.49,1631.0,1.73,4.0,4.75
SP1,2026-04-04,Ath Madrid,Barcelona,1.0,2.0,A,1843.38,1964.56,3.1,3.8,2.15
SP1,2026-04-05,Getafe,Ath Bilbao,2.0,0.0,H,1663.21,1719.62,3.0,2.88,2.7
SP1,2026-04-05,Valencia,Celta,2.0,3.0,A,1676.0,1704.09,2.3,3.3,3.2
SP1,2026-04-05,Oviedo,Sevilla,1.0,0.0,H,1561.5,1621.38,2.8,3.1,2.7
SP1,2026-04-05,Alaves,Osasuna,2.0,2.0,D,1631.52,1688.39,2.5,3.2,2.9
SP1,2026-04-06,Girona,Villarreal,1.0,0.0,H,1654.61,1815.01,3.2,3.6,2.2
SP1,2026-04-10,Real Madrid,Girona,1.0,1.0,D,1924.54,1667.42,1.3,6.0,8.5
SP1,2026-04-11,Sociedad,Alaves,3.0,3.0,D,1699.53,1631.43,1.73,3.7,4.75
SP1,2026-04-11,Elche,Valencia,1.0,0.0,H,1584.32,1665.08,2.5,3.3,2.88
SP1,2026-04-11,Barcelona,Espanol,4.0,1.0,H,1972.82,1635.52,1.29,6.0,9.0
SP1,2026-04-11,Sevilla,Ath Madrid,2.0,1.0,H,1611.39,1835.12,2.7,3.1,2.8
SP1,2026-04-12,Osasuna,Betis,1.0,1.0,D,1688.48,1735.97,2.2,3.4,3.3
SP1,2026-04-12,Mallorca,Vallecano,3.0,0.0,H,1634.38,1665.58,2.38,3.25,3.0
SP1,2026-04-12,Celta,Oviedo,0.0,3.0,A,1715.01,1571.49,1.7,3.7,5.25
SP1,2026-04-12,Ath Bilbao,Villarreal,1.0,2.0,A,1709.73,1802.2,2.3,3.5,3.1
SP1,2026-04-13,Levante,Getafe,1.0,0.0,H,1593.08,1673.11,2.75,3.0,2.88
SP1,2026-04-21,Ath Bilbao,Osasuna,1.0,0.0,H,1700.66,1688.12,1.8,3.4,4.5
SP1,2026-04-21,Mallorca,Valencia,1.0,1.0,D,1643.55,1654.48,2.6,3.1,2.88
SP1,2026-04-21,Girona,Betis,2.0,3.0,A,1674.65,1736.33,2.38,3.3,3.0
SP1,2026-04-21,Real Madrid,Alaves,2.0,1.0,H,1917.32,1634.95,1.22,6.5,12.0
SP1,2026-04-22,Elche,Ath Madrid,3.0,2.0,H,1594.92,1820.73,2.55,3.8,2.45
SP1,2026-04-22,Sociedad,Getafe,0.0,1.0,A,1696.0,1662.54,2.3,3.0,3.5
SP1,2026-04-22,Barcelona,Celta,1.0,0.0,H,1974.66,1699.74,1.22,6.5,11.0
SP1,2026-04-23,Levante,Sevilla,2.0,0.0,H,1603.66,1625.78,2.4,3.25,3.0
SP1,2026-04-23,Vallecano,Espanol,1.0,0.0,H,1656.41,1633.68,2.1,3.25,3.75
SP1,2026-04-23,Oviedo,Villarreal,1.0,1.0,D,1586.76,1811.26,3.6,3.4,2.05
SP1,2026-04-24,Betis,Real Madrid,1.0,1.0,D,1746.28,1919.76,3.7,4.2,1.85
SP1,2026-04-25,Alaves,Mallorca,2.0,1.0,H,1632.51,1642.15,2.2,3.0,3.8
SP1,2026-04-25,Getafe,Barcelona,0.0,2.0,A,1675.16,1977.2,5.25,3.8,1.67
SP1,2026-04-25,Valencia,Girona,2.0,1.0,H,1655.89,1664.69,2.1,3.4,3.5
SP1,2026-04-25,Ath Madrid,Ath Bilbao,3.0,2.0,H,1806.29,1708.6,2.2,3.6,3.1
SP1,2026-04-26,Vallecano,Sociedad,3.0,3.0,D,1664.07,1683.37,2.7,3.1,2.7
SP1,2026-04-26,Oviedo,Elche,1.0,2.0,A,1591.17,1609.36,2.4,3.25,3.1
SP1,2026-04-26,Osasuna,Sevilla,2.0,1.0,H,1680.17,1616.87,2.05,3.25,4.0
SP1,2026-04-26,Villarreal,Celta,2.0,1.0,H,1806.85,1697.2,2.05,3.4,3.7
SP1,2026-04-27,Espanol,Levante,0.0,0.0,D,1626.02,1612.57,2.0,3.4,3.8
SP1,2026-05-01,Girona,Mallorca,0.0,1.0,A,1656.16,1633.59,2.05,3.4,3.75
SP1,2026-05-02,Villarreal,Levante,5.0,1.0,H,1812.33,1614.66,1.7,4.33,4.33
SP1,2026-05-02,Valencia,Ath Madrid,0.0,2.0,A,1664.42,1812.04,1.8,3.9,4.0
SP1,2026-05-02,Alaves,Ath Bilbao,2.0,4.0,A,1641.07,1702.85,2.7,3.4,2.55
SP1,2026-05-02,Osasuna,Barcelona,1.0,2.0,A,1686.77,1981.18,4.5,4.0,1.7
SP1,2026-05-03,Celta,Elche,3.0,1.0,H,1691.73,1620.56,1.75,3.8,4.5
SP1,2026-05-03,Getafe,Vallecano,0.0,2.0,A,1671.18,1662.9,1.91,3.3,4.2
SP1,2026-05-03,Betis,Oviedo,3.0,0.0,H,1749.43,1579.97,1.57,4.1,5.75
SP1,2026-05-03,Espanol,Real Madrid,0.0,2.0,A,1623.93,1916.61,4.5,3.9,1.73
SP1,2026-05-04,Sevilla,Sociedad,1.0,0.0,H,1610.27,1684.54,2.38,3.5,2.9
SP1,2026-05-08,Levante,Osasuna,3.0,2.0,H,1610.96,1682.65,2.5,3.25,2.88
SP1,2026-05-09,Elche,Alaves,1.0,1.0,D,1614.16,1631.12,2.25,3.3,3.3
SP1,2026-05-09,Sevilla,Espanol,2.0,1.0,H,1620.68,1619.78,2.05,3.4,3.7
SP1,2026-05-09,Ath Madrid,Celta,0.0,1.0,A,1819.57,1698.12,2.05,3.5,3.5
SP1,2026-05-09,Sociedad,Betis,2.0,2.0,D,1674.13,1753.65,2.55,3.5,2.7
SP1,2026-05-10,Mallorca,Villarreal,1.0,1.0,D,1645.92,1816.02,2.3,3.5,3.0
SP1,2026-05-10,Ath Bilbao,Valencia,0.0,1.0,A,1712.8,1656.89,1.7,3.75,5.0
SP1,2026-05-10,Oviedo,Getafe,0.0,0.0,D,1575.76,1659.24,3.0,3.25,2.4
SP1,2026-05-10,Barcelona,Real Madrid,2.0,0.0,H,1985.3,1920.76,1.62,5.0,4.33
SP1,2026-05-11,Vallecano,Girona,1.0,1.0,D,1674.85,1643.82,2.3,3.5,3.0
SP1,2026-05-12,Celta,Levante,2.0,3.0,A,1712.92,1621.29,1.8,3.8,4.2
SP1,2026-05-12,Betis,Elche,2.0,1.0,H,1753.09,1612.93,1.57,4.33,5.25
SP1,2026-05-12,Osasuna,Ath Madrid,1.0,2.0,A,1672.31,1804.77,2.55,3.5,2.63
SP1,2026-05-13,Espanol,Ath Bilbao,2.0,0.0,H,1611.52,1699.58,2.63,3.3,2.7
SP1,2026-05-13,Villarreal,Sevilla,2.0,3.0,A,1812.96,1628.95,2.1,3.3,3.6
SP1,2026-05-13,Alaves,Barcelona,1.0,0.0,H,1632.35,1991.86,3.1,3.75,2.15
SP1,2026-05-13,Getafe,Mallorca,3.0,1.0,H,1658.57,1648.99,2.2,3.2,3.5
SP1,2026-05-14,Valencia,Vallecano,1.0,1.0,D,1670.11,1672.28,2.2,3.4,3.3
SP1,2026-05-14,Girona,Sociedad,1.0,1.0,D,1646.39,1674.69,2.05,3.8,3.3
SP1,2026-05-14,Real Madrid,Oviedo,2.0,0.0,H,1914.2,1576.44,1.22,7.0,11.0
SP1,2026-05-17,Ath Bilbao,Celta,1.0,1.0,D,1688.78,1698.81,2.15,3.2,3.4
SP1,2026-05-17,Ath Madrid,Girona,1.0,0.0,H,1812.72,1645.48,1.73,3.6,4.5
SP1,2026-05-17,Elche,Getafe,1.0,0.0,H,1608.13,1666.59,2.2,3.0,3.4
SP1,2026-05-17,Levante,Mallorca,2.0,0.0,H,1635.4,1640.96,2.1,3.4,3.3
SP1,2026-05-17,Osasuna,Espanol,1.0,2.0,A,1664.37,1622.32,2.05,3.1,3.8
SP1,2026-05-17,Oviedo,Alaves,0.0,1.0,A,1574.6,1649.33,3.7,3.6,1.9
SP1,2026-05-17,Sevilla,Real Madrid,0.0,1.0,A,1645.01,1916.04,3.0,3.5,2.15
SP1,2026-05-17,Sociedad,Valencia,3.0,4.0,A,1675.6,1668.46,2.15,3.4,3.2
SP1,2026-05-17,Vallecano,Villarreal,2.0,0.0,H,1673.93,1796.9,2.35,3.5,2.63
SP1,2026-05-17,Barcelona,Betis,3.0,1.0,H,1974.89,1757.89,1.33,6.0,7.5
SP1,2026-05-23,Alaves,Vallecano,1.0,2.0,A,1658.9,1685.73,2.45,3.4,2.8
SP1,2026-05-23,Betis,Levante,2.0,1.0,H,1754.51,1643.85,2.25,3.2,3.4
SP1,2026-05-23,Celta,Sevilla,1.0,0.0,H,1700.24,1640.43,1.73,3.8,4.75
SP1,2026-05-23,Espanol,Sociedad,1.0,1.0,D,1635.18,1663.69,2.45,3.5,2.75
SP1,2026-05-23,Getafe,Osasuna,1.0,0.0,H,1656.64,1651.51,2.45,2.88,3.4
SP1,2026-05-23,Girona,Elche,1.0,1.0,D,1641.22,1618.08,1.8,3.9,4.2
SP1,2026-05-23,Mallorca,Oviedo,3.0,0.0,H,1632.52,1565.02,1.44,4.5,7.0
SP1,2026-05-23,Real Madrid,Ath Bilbao,4.0,2.0,H,1920.62,1687.35,1.5,4.75,5.75
SP1,2026-05-23,Valencia,Barcelona,3.0,1.0,H,1680.37,1978.26,3.6,4.2,1.85
SP1,2026-05-24,Villarreal,Ath Madrid,5.0,1.0,H,1785.11,1816.97,2.45,3.6,2.75
SP1,2026-08-15,Alaves,Getafe,3.0,0.0,H,1647.95,1664.78,2.35,2.8,3.75
SP1,2026-08-15,Sevilla,Vallecano,2.0,1.0,H,1633.75,1696.68,2.3,3.1,3.4
SP1,2026-08-16,Santander,Villarreal,2.0,2.0,D,1599.74,1794.3,3.2,3.6,2.15
SP1,2026-08-16,Espanol,Levante,3.0,0.0,H,1634.27,1638.4,2.0,3.25,4.0
SP1,2026-08-17,La Coruna,Elche,1.0,1.0,D,1574.13,1620.43,2.3,3.0,3.5
SP1,2026-08-19,Ath Madrid,Malaga,2.0,0.0,H,1807.78,1563.81,1.33,5.25,9.5
SP1,2026-08-20,Vallecano,Alaves,1.0,1.0,D,1686.59,1656.71,2.25,3.0,3.6
SP1,2026-08-21,Betis,Sociedad,1.0,0.0,H,1759.96,1664.59,2.05,3.5,3.5
SP1,2026-08-22,Ath Bilbao,Sevilla,1.0,3.0,A,1684.23,1643.83,1.7,3.6,5.25
SP1,2026-08-22,Valencia,Celta,0.0,0.0,D,1696.32,1706.92,2.35,3.2,3.2
SP1,2026-08-22,Espanol,Real Madrid,1.0,2.0,A,1642.68,1923.74,7.0,4.5,1.44
SP1,2026-08-23,Ath Madrid,Villarreal,2.0,2.0,D,1810.74,1790.61,1.85,3.6,4.1
SP1,2026-08-23,Getafe,Santander,1.0,0.0,H,1656.02,1603.43,2.2,2.9,3.9
SP1,2026-08-23,Elche,Barcelona,0.0,5.0,A,1620.83,1962.32,9.0,5.75,1.3
SP1,2026-08-24,Osasuna,Levante,0.0,0.0,D,1643.36,1629.99,1.83,3.6,4.33
SP1,2026-08-24,Malaga,La Coruna,1.0,1.0,D,1560.85,1573.73,2.5,3.1,3.1
SP1,2026-08-25,Valencia,Betis,0.0,1.0,A,1694.9,1765.77,2.8,3.3,2.55
SP1,2026-08-26,Real Madrid,Sociedad,4.0,1.0,H,1928.11,1658.79,1.3,6.25,8.0
SP1,2026-08-27,Celta,Osasuna,1.0,2.0,A,1708.33,1641.28,2.0,3.3,4.0
SP1,2026-08-27,Barcelona,Ath Bilbao,2.0,0.0,H,1965.62,1671.42,1.33,5.25,8.0
SP1,2026-08-28,Santander,Elche,3.0,2.0,H,1596.56,1617.52,2.0,3.6,3.6
SP1,2026-08-28,Alaves,Villarreal,1.0,0.0,H,1659.24,1792.87,3.2,3.5,2.2
SP1,2026-08-29,Levante,Betis,5.0,2.0,H,1632.07,1775.45,3.4,3.3,2.2
SP1,2026-08-29,Sociedad,Espanol,2.0,1.0,H,1656.18,1638.3,1.91,3.6,4.0
SP1,2026-08-29,Sevilla,Ath Madrid,1.0,3.0,A,1656.64,1808.48,3.6,3.3,2.1
SP1,2026-08-30,Real Madrid,Malaga,4.0,0.0,H,1930.72,1559.5,1.11,9.0,21.0
SP1,2026-08-30,La Coruna,Valencia,3.0,1.0,H,1575.08,1685.22,2.55,3.0,3.1
SP1,2026-08-30,Celta,Ath Bilbao,0.0,2.0,A,1694.83,1669.11,2.38,3.2,3.1
SP1,2026-08-31,Osasuna,Getafe,1.0,0.0,H,1654.79,1662.89,2.2,3.0,3.75
SP1,2026-08-31,Barcelona,Vallecano,5.0,2.0,H,1967.92,1684.06,1.17,8.0,13.0
SP1,2026-09-03,Sociedad,Celta,0.0,0.0,D,1663.97,1682.41,1.95,3.6,3.8
